hash,label
0xa6f63fcb6bec8818864d96a5b1bb19e8bd85ee37b2cc916412e720988440b2aa,1
0x138daa4cbeaa3db42eefcec26e234fc2c89a4aa17d6b1870fc460b2856fd11a6,0
0x1fe5a53405d00ce2f3e15b214c7486c69cbc5bf165cf9596e86f797f62e81914,1
0x3097830e9921e4063d334acb82f6a79374f76f0b1a8f857e89b89bc58df1f311,1
0x465a6780145f1efe3ab52f94c006065575712d2003d83d85481f3d110ed131d9,1
0x47ac3527d02e6b9631c77fad1cdee7bfa77a8a7bfd4880dccbda5146ace4088f,1
0x62bd3d31a7b75c098ccf28bc4d4af8c4a191b4b9e451fab4232258079e8b18c4,1
0x71a908be0bef6174bccc3d493becdfd28395d78898e355d451cb52f7bac38617,1
0xc310a0affe2169d1f6feec1c63dbc7f7c62a887fa48795d327d4d2da2d6b111d,1
0xe3f0d14cfb6076cabdc9057001c3fafe28767a192e88005bc37bd7d385a1116a,1
0x2bb955b94aa5e2cc0854e23b58268d89aab93e17cb8b11c61996d875f1cc64f9,0
0x454c858e7f7b11706335225c72b1eaee13a215e8657a4ae699669d6f1cd18550,0
0x4b2a2d03b3dc136ef94ebe2f3bc36231b104172bcb598104730898f7d81a55db,0
0x6957ccca95ad6a7f2d698a2362f4881591ff18f18cbc5edb149ce490521639a6,0
0x787980ae064cba2430213ffe14bff6fd71193983055725dcf185341bab68811e,0
0x8222caee8d1e1188f7a99af8315486a828aaf3432b6528a8e45b9f1bb73653e3,0
0xa34d79cbe9aef1bf07692885b353d85912523dfc4662611d33dd09ff6c319c85,0
0xef7f6864a93f8d10dd8fafbe75b041db8c282159fe43632c26a29f176894678e,0
0x04b166e7b4ab5105a8e9c85f08f6346de1c66368687215b0e0b58d6e5002bc32,0
0x11d069cbe4490cc483b1ae2e77c9c79493213347b42a8dec2ded25724e2f1835,0
0x3610d3e3f2381c73f4bd128df9be90de87482802f30712dd555619b8bf3462a4,0
0x40be81f859227aa952e70fe1f5e8c84feed6aa3c2a4d6bf38125cd6bc222560a,0
0x43ff7e01423044cfb501b4fe9ef1386725c0ddc117dadd6e6620cb68bdeaf4f9,0
0x542838429f32b49d71264cc1036bb7cfd66824613ba0c437f7ce4269edb58f74,0
0x6ac2d60c8f48144f2adb10ab161efdd491a791c6a666c450d4b33c6889fc0925,0
0x8e28bc58897f35e71b727f3066ae57b4d597014db6778bbf70838347c112e0e1,0
0xbb9aac794415b2fbe2c947fe37ebb29c75526c150d33dd408ccddbcb52534828,0
0xea3480f1f1d1f0b32283f8f282ce16403fe22ede35c0b71a732193e56c5c45e8,0
0x8db0ef33024c47200d47d8e97b0fcfc4b51de1820dfb4e911f0e3fb0a4053138,1
0xd55e43c1602b28d4fd4667ee445d570c8f298f5401cf04e62ec329759ecda95d,1
0x578a195e05f04b19fd8af6358dc6407aa1add87c3167f053beb990d6b4735f26,1
0xeb87ebc0a18aca7d2a9ffcabf61aa69c9e8d3c6efade9e2303f8857717fb9eb7,1
0xe855cc3bad87933bf742fd474bd0ae0ec58d45e9c1a0643b9700dafe8faf0864,1
0x93a033917fcdbd5fe8ae24e9fe22f002949cba2f621a1c43a54f6519479caceb,0
0xefc4ac015069fdf9946997be0459db44c0491221159220be782454c32ec2d651,1
0xcb0ad9da33ecabf75df0a24aabf8a4517e4a7c5b1b2f11fee3b6a1ad9299a282,1
0x8b74995d1d61d3d7547575649136b8765acb22882960f0636941c44ec7bbe146,1
0x2e7dc8b2fb7e25fd00ed9565dcc0ad4546363171d5e00f196d48103983ae477c,1
0xa84aa065ce61dbb1eb50ab6ae67fc31a9da50dd2c74eefd561661bfce2f1620c,1
0xb676d789bb8b66a08105c844a49c2bcffb400e5c1cfabd4bc30cca4bff3c9801,1
0xc93eb238ff42632525e990119d3edc7775299a70b56e54d83ec4f53736400964,0
0xcd99fadd7e28a42a063e07d9d86f67c88e10a7afe5921bd28cd1124924ae2052,0
0xe928d5de53bea42231d0dd140a3f761adb93081038a368591eb1166168297bdc,0
0x006763dff653ecddfd3681181a29e7e6d6c2aaa7bafb27fe1376f3f7ce367c1e,1
0x6e6e556a5685980317cb2afdb628ed4a845b3cbd1c98bdaffd0561cb2c4790fa,1
0x0788ba222970c7c68a738b0e08fb197e669e61f9b226ceec4cab9b85abe8cceb,1
0x2a027c8b915c3737942f512fc5d26fd15752d0332353b3059de771a35a606c2d,1
0x7ac4a98599596adbf12fffa2bd23e2a2d2ac7e8989b6ea043fcc412a29126555,1
0x1a7ee0a7efc70ed7429edef069a1dd001fbff378748d91f17ab1876dc6d10392,1
0xc087fbd68b9349b71838982e789e204454bfd00eebf9c8e101574376eb990d92,0
0x8af9b5fb3e2e3df8659ffb2e0f0c1f4c90d5a80f4f6fccef143b823ce673fb60,1
0xf7c21600452939a81b599017ee24ee0dfd92aaaccd0a55d02819a7658a6ef635,1
0xbc08860cd0a08289c41033bdc84b2bb2b0c54a51ceae59620ed9904384287a38,1
0xfeedbf51b4e2338e38171f6e19501327294ab1907ab44cfd2d7e7336c975ace7,1
0x53eeab4447db331dbb47f93fd58a95d6faa230d559acde0687f8b5f5829e7a45,1
0x573199feba92ab6577847f2baa634ec84845d96474af31ca81a6b82ab3a4178f,1
0xb56e984a866afed36ccf28c2a659845f5529d7de3f609d67c16c20e337c106fc,1
0xdfbfb0387129541c65934e71deee404ea70de6629258ae49d9f24bcf6e866ea6,1
0x09a3a12d58b0bb80e33e3fb8e282728551dc430c65d1e520fe0009ec519d75e8,1
0x396a83df7361519416a6dc960d394e689dd0f158095cbc6a6c387640716f5475,1
0x485e08dc2b6a4b3aeadcb89c3d18a37666dc7d9424961a2091d6b3696792f0f3,1
0x51ce3d9cfc85c1f6a532b908bb2debb16c7569eb8b76effe614016aac6635f65,0
0xec7523660f8b66d9e4a5931d97ad8b30acc679c973b20038ba4c15d4336b393d,0
0x4d8d7e6f2bdc49e724b8d2a0241cf31d0911a230fa17230c7f025cead1842e93,0
0xbc8c30b7db136e97251eaa9897853ddf125f155b7c63bbe4c06d704384a40556,0
0x04e16a79ff928db2fa88619cdd045cdfc7979a61d836c9c9e585b3d6f6d8bc31,1
0x591d054a9db63f0976e533f447df482bed5f24d7429646570b2108a67e24ce54,1
0xc6c3331fa8c2d30e1ef208424c08c039a89e510df2fb6ae31e5aa40722e28fd6,1
0x97201900198d0054a2f7a914f5625591feb6a18e7fc6bb4f0c964b967a6c15f6,0
0x1ea0a2e88efceccb2dd93e6e5cb89e5421666caeefb1e6fc41b68168373da342,1
0x032c9e7fa7d1697fa64fd4a59f0d08278d27aa537525e9bd17f71f01d36b8b6a,1
0x2a50db3dac1b4468d226deb53cb34737669b5f93848ac04d4e296ade06f9876c,1
0x995e880635f4a7462a420a58527023f946710167ea4c6c093d7d193062a33b01,1
0xb95f56a93af1dbf477b2c527e186cc37aa4a973f8007717ff6c58ac62eb28a62,1
0x26a83db7e28838dd9fee6fb7314ae58dcc6aee9a20bf224c386ff5e80f7e4cf2,1
0xdb4616b89ad82062787a4e924d520639791302476484b9a6eca5126f79b6d877,1
0x03543ef96c26d6c79ff6c24219c686ae6d0eb5453b322e54d3b6a5ce456385e5,1
0xcf834aff4de9992f5da9c443600dad9c6277a8a00de5007842fece51564992db,1
0x75e3aeb00df69882a1b15d424e5e642650326ca3b923d7fd1922d57c51bc2c78,0
0x2cc3c3cfbdf04441f3349e49768c909ac252ace6f78b24a25d4700a47883514a,0
0xd9b3e229acc755881890394cc76fde0d7b83b1abd4d046b0f69c1fd9fd495ff6,0
0x5a63da39b5b83fccdd825fed0226f330f802e995b8e49e19fbdd246876c67e1f,1
0x7acc896b8d82874c67127ff3359d7437a15fdb4229ed83da00da1f4d8370764e,1
0xbeefd8faba2aa82704afe821fd41b670319203dd9090f7af8affdf6bcfec2d61,1
0x06d7e7436414c658a33452d28400799f3637e83930dcec39b3bd065dabc6ef04,1
0xf0464b01d962f714eee9d4392b2494524d0e10ce3eb3723873afd1346b8b06e4,1
0x23fcf9d4517f7cc39815b09b0a80c023ab2c8196c826c93b4100f2e26b701286,0
0x6da8f7cb19d6e56cd9b74298677986b3b55cb9db902175c2627b7d57a85e820d,0
0x6e1baa7ade5bbbabd1cefeb807327aec6082b8b467b9ff74772959c27520c743,0
0x9f3712672be7a120757d42fbe15ceefe9578914946bacbd0f3531e7fb7305576,0
0xb82239e256404e94edd650c68cea92e146c2f361a09eea11b02624eeaffbaae1,0
0xee02781eda4108f8fb3cca8355218961ad3a3e769b3de8a869acb8ed1654a67e,0
0x30fef86a72ea7e1109ffeae572439995c78561ffeb968dcbd61c609efc60fdd9,1
0x398a7ea42fab5228200835141bb732843b33943a8cf63bf16104568ccdfded62,1
0x45534e2b0d807a4b427498b973e6e02bab0ca6857b29e7c0888e9f3e03fcc0e5,0
0x57b736acc7a71a5d7d28f0abcf2d0b6553623ad480464ec347ebb30ab05aae33,0
0x610c0f7b64567fa173c701ec106acb192f6ccda5492e2c1d2e39c8a43493f954,0
0x68c900fb23f766ee989b73c9845cc1d98ceadbd36f586e2db47d5acfe60857e2,1
0x71369909c1473635961d7618484705b6a83faf55e0e6b6f885ad0c9ed0d97d56,0
0x871cbbf381295e1c1f9014e036d2a6e860ad7571fdee03a10a40be6a905fc499,0
0xbe79c19ab998540e35a514b24ce65c1857c5604e6c0f8f2b485a53002cf02739,0
0xbe86b5b967a67365e7430ddd1bdf24556c64d1f6ab1e0898c67cf18c62ee584b,0
0xc12a4155c2c90707138e4aef8883c8f724371145823e2f661f19b93e5b3a9d6e,1
0xdd6e9625a9f9d7d91b00aad8d4bbfdc1fef4553a0b21b6f26a4a29cdfcbb4889,0
0xfcba2c38617edab9abf146bf4381edd2674873cc7bae9c6ba505a45e03a7228b,1
0x4019890fe5a5bd527cd3b9f7ee6d94e55b331709b703317860d028745e33a8ca,1
0x35a73969f582872c25c96c48d8bb31c23eab8a49c19282c67509b96186734e60,0
0x1e73c4205822c28a5cb85fa354771bb4a72eb1778b68932e7ab7ba9559db09ec,1
0x4ff4028b03c3df468197358b99f5160e5709e7fce3884cc8ce818856d058e106,1
0x00c503b595946bccaea3d58025b5f9b3726177bbdc9674e634244135282116c7,1
0x0c91723ebf69efc84d87ae393af51410491368fe9e9edc29cef38d5479aed140,1
0x0d4b5a415fa9a1452a09f8788c85a4acd2e0866519e73bdc37f5591e027b36ac,1
0x0e38dd693ddbc2f62282932f36a4b8de75f8ea1da530532af26698b4eda9a110,1
0x12641ade277ba56215bffe6608fb078beb93bf3bb46a37fba91144790895d580,1
0x395d17328d331d7cdf83097963c3fd8d424d82257d8d6f64618fcc6e1e0065a6,1
0x3b6c97c76446650e65959723c20489ac792fe9101d57e7349df2ebe9e05d63aa,1
0x4d3831d7dc2496fbcd644a4c4e38efc0bb8d0f09e6daf2118b94262c573ea708,1
0x51ba177ae85e58133c5910e7c3a5d027d2edfa67d10e5e3874c323b88ecc377a,1
0x5b00512a78bab3a6055d43207ea514f044b25b06c6e4e54b48befceff2c3ac93,1
0xbad3925d76bcde46021b67bf59599f9655d4529682fb21e0ee1a9d27a388e460,1
0xcd15358ed1cf3014bb4e88cb1229056cd9a0e81b7d29ede43a4e689e9a97b7a7,1
0xce3cdc7c29eb7dfc565f5d99034789e80c1cd3278adafa26af6f3d21c8412c59,1
0xdc5c56869862f7da6527ec68da9d8e1e04ccc3ca16a6b3ebe8f714432d505245,1
0xe15fa959627871845f2f5bbfbd7529e6d2aff20ab14ece743f11641700bd7188,1
0xe419162da24761275b7b7e9766f3136ddfd9bdb3c4bff13be685197eed11a3ba,1
0xfddfb8cbcffb27f9f4564a3a5b0a8adb35bea104afc15d6af49fc004dd7441b0,1
0x03c73a343b5a481c9431af2f4a2146a0e77522a23e5cca9b2ea024778589967f,1
0x0e655a77d225838499f340f5ad928acb0571b8f0e6f6fde87e0ce5f3856422d0,1
0x108a52c403fe206bafb34ce1880138f22591f82b0f45c6c77de7c8787dc6a834,1
0x2606d459a50ca4920722a111745c2eeced1d8a01ff25ee762e22d5d4b1595739,0
0x353a710d9a52a919a5d7220211f11e7851cf99f1243373376c8eb2e48a94b396,1
0x47da1ac72d488f746865891c9196c1632ae04f018b285b762b2b564ad1d3a9e5,0
0x4eb093c25d111efa1e8b7f6dc32cc47573c4651b6ea2e30d74bf2449c796692f,0
0x51988f56315afb8417c48948092fb6c6b1007b52aac98e71b21010ddeafea95c,1
0x83cf8aae6477932bcbde5fde814f8ca40c5acec4db04f5924c8f166401d34985,1
0x91ef02e6a99bf97cf5ff54d7084736f826fb280b1af14819c4d86a63c4145099,0
0x9215b87e49fdd5b0e9fd4688f2d315dfdefc73655be529cc68aa3547f8828879,1
0x9edb3c12cd3d3352ec56c8222aaa51bbec3e47b693deb9ffa3bcd0a0060a420c,1
0xa17fdb804728f226fcd10e78eae5247abd984e0f03301312315b89cae25aa517,0
0xd0c23f115c66a060ffab78c91c6f9085db5af6257a72858b7fd4def6b7735617,0
0xe118170da24b23a7b05cffbb830fea48ca8b64bc5a0217322c68c30952004cab,1
0xe4dbeba25b0c0d67f8ecaff5ec7c0a9569ddc10c817ab6815d5bc3dfb22e9ec0,1
0xf336ff5c7465893a87c79ac514abe2e3fac1b3e06cbe185c00ea6af18d4e7a84,0
0x903d88a92cbc0165a7f662305ac1bff97430dbcccaa0fe71e101e18aa9109c92,0
0xe09d350d8574ac1728ab5797e3aa46841f6c97239940db010943f23ad4acf7ae,0
0x167c97b5897d11b23a6694f30acb71e8deead771d22fe88aee04ca8696a2bffa,0
0xe2912b8bf34d561983f2ae95f34e33ecc7792a2905a3e317fcc98052bce66431,0
0x12fe79f1de8aed0ba947cec4dce5d33368d649903cb45a5d3e915cc459e751fc,0
0xa6d90abe17d17743a9cecab84bcefb0fd0bbfa0c61bba60fd2f680b0a2f077fe,0
0x242a0fb4fde9de0dc2fd42e8db743cbc197ffa2bf6a036ba0bba303df296408b,1
0xb3f067618ce54bc26a960b660cfc28f9ea0315e2e9a1a855ede1508eb4017376,1
0xca1bbf3b320662c89232006f1ec6624b56242850f07e0f1dadbe4f69ba0d6ac3,1
0xe8277ef6ba8611bd12dc5a6e7ca4b984423bc0b3828159f83b466fdcf4fe054f,0
0x9235e0662e230bdfa94f56f4932fd09a95fea17e4b9b44a4f40a59449e216110,1
0xa245deda8553c6e4c575baff9b50ef35abf4c8f990f8f36897696f896f240e3a,1
0x28a934816ed0371a3fbb2f89986eecf87a22937c40309ff2f58697792215b4da,1
0x4d52f0dad3ddb7ac5523c51a75a9acd47b244e536b240d692784305b69ca6ab5,1
0x589e9a809ba14ff30fa22333f2432c364377df9ebf2681b6321aaca3028ff613,1
0x92cdcc732eebf47200ea56123716e337f6ef7d5ad714a2295794fdc6031ebb2e,1
0xf356d1b05d26de824baddf1a575a33dcf63e2ecec2a0eaa37b15653b94845b63,1
0x047056478cabe20b7c32a85b34f558dd90e7b3235b77d1a4342fdc15b74c910f,1
0x0729eda09a8b5743d7328a717019d51b2a05634d6fe764d5213fd6fb3e303f59,1
0x2cb7206f1067df3e9e4b9e5d05139c4a907f69e235f3ce0f64e424a874c65d54,1
0x46c001fb4149c2381196c8e1428d966dc44dd46061f8ecf8383a5363adeee312,1
0x57ff54bda419773a31653fe63dbb00981b6e971b4c2b2b650c2f10b4342f8464,1
0x602d810c47a9022b422cf2fa32ec973f887a72df78d40e448d511e82eba5a38a,0
0x606a49471ebcb608bf034abd982750d626b7eaf45a963118d5aae5baae4a2da2,1
0x65a92b189e4ae0b8a8a02cd59c5e9f6832586bd5167d41a24eb4f4d2ac692755,0
0x728c9bf98fcb1f35dd6551fb7a411e841570d2f73ac408916698cecdcffde36a,1
0x82f47783e8d3029767090ed9a5ac3e2774d04b8fe908c9ca1f959d1b8c6a83a9,0
0x86fe6933f03c14f75167e560e6635a23fab59b268e68c86d60c4d46afe0aeabc,1
0x909f5000636dce99528ab9a14475744e481a6b4e060fc693cf6e0fca48fa7deb,1
0x96436532daf9d1028117945315c565b310f76a2d94e6d176b1aefe5cb0be9144,0
0xa63052e97b989eecd789b76f670d6a5ed8a72334ce99831a36d7a642b087537f,1
0xa67d8a6d59dc258e74a93a22abd26d49d159fb123dbe243d3c5b6b41a499086b,1
0xaa88931369fc09f507c9a02b9ccbc6bec1eca83845745ceb551c1f9fba157c4a,1
0xd82fe84e63b1aa52e1ce540582ee0895ba4a71ec5e7a632a3faa1aff3e763873,0
0xde084e8c7cdec910d17ad7aeaa24a2973fc8c36add6d83a42de15446ddaaca5d,0
0x48164d3adbab78c2cb9876f6e17f88e321097fcd14cadd57556866e4ef3e185d,0
0x491cf8b2a5753fdbf3096b42e0a16bc109b957dc112d6537b1ed306e483d0744,0
0x636be30e58acce0629b2bf975b5c3133840cd7d41ffc3b903720c528f01c65d9,1
0x2619570088683e6cc3a38d93c3d98899e5783864e15525d5f5810c11189ba6cb,0
0x77bb83dd9b25a0af12c0092993ddf1a2f54b77fbcd1dbf1bf33a965ec707268b,0
0xbce5b8548db486c561948e8a177c8ccaa72810f972cee3909ea50af015a60ad8,0
0x758efef41e60c0f218682e2fa027c54d8b67029d193dd7277d6a881a24b9a561,0
0xb569340f147cb6d5722490221ba65950a870aaa4db6ab835b8aa128c5dee36b3,0
0xc27c3ec61c61309c9af35af062a834e0d6914f9352113617400577c0f2b0e9de,1
0x42b2ec27c732100dd9037c76da415e10329ea41598de453bb0c0c9ea7ce0d8e5,1
0x56e09abb35ff12271fdb38ff8a23e4d4a7396844426a94c4d3af2e8b7a0a2813,1
0x663b55a1ee992603f7636ef23ff5cf19d3b261ab81494d06e218c86482df5342,1
0x7f78389cdc19c59c402fa9dddabcdbe7b9e6630f124362a764c0826ac863903c,0
0x39328ea4377a8887d3f6ce91b2f4c6b19a851e2fc5163e2f83bbc2fc136d0c71,0
0x48e69dd7ff3e0c728e818bf26d031f4989d3c3018ec464a18757825634cf7e3c,1
0x871ce0518bef66595ad5885a07d5699cbc71bffa7f8be732fc2565d087cb78ad,0
0x27ca5fbfb8d6b21c1d90ba8982bd3195bcb62d844b810046d0f38e9814191e1c,1
0x3cdafb178b8c1d48b32d8644b729a387d7cda02186fb3572a0dbb161d7bd082a,1
0x3d154d67c1565920bb156abd92cd06d2b348233676bb922b3f4a5097639ef744,1
0x46567c731c4f4f7e27c4ce591f0aebdeb2d9ae1038237a0134de7b13e63d8729,1
0x725f0d65340c859e0f64e72ca8260220c526c3e0ccde530004160809f6177940,1
0x9fe5ea5b2cb2e93cb0d85ebfd7b5825442f894b85518e8d61877ae371fa31016,1
0xd20b3b31a682322eb0698ecd67a6d8a040ccea653ba429ec73e3584fa176ff2b,1
0x1ae40f26819da4f10bc7c894a2cc507cdb31c29635d31fa90c8f3f240f0327c0,1
0x900891b4540cac8443d6802a08a7a0562b5320444aa6d8eed19705ea6fb9710b,1
0x90db330d9e46609c9d3712b60e64e32e3a4a2f31075674a58dd81181122352f8,1
0x213991ca681019f599f8f52a25ab6a5e39e690eac2ad206faf24f0c549e844c7,1
0xa0dcf9b177702c58c5d0353aff2caeab12589bce204fb2d0e62ccbf5717f1798,1
0x085c0170a156a7f354f56eb6817db667dd07464df56dbf377f188cb2488cb3d8,1
0x2bb6d2ca3b52a01ff9ec01c931f68762ded9a05693ea65d911a20602eea02763,1
0x31851d894249339d2d9319141e37219b3e03a99f8b483d47758c1e5ea143cca4,1
0x4a669edc261091ab46cb430dba1c958be8894902dc08d6febb36f509182adc1d,1
0x638a34cf0d0dc4da94c057f51e2a930f45eabb3535634b893815bfe547ee9d45,1
0x7b67e39cd253724372d67da78221a38eca98d2a6b69027a89010bca2101dd02a,1
0x9ceb4698eb09e93d232e10557c3932e1e74b5d8e78170b5034512aa0a8135970,1
0xf1cdc6430a3b6fa0c64c552d47b2b87ee2eac1b80b586f933aa679e76653e526,1
0x6c3cf48e9c8b22f60fc2b702b03f93926ee8624639b100fe851b757947e61759,0
0x44037ffc0993327176975e08789b71c1058318f48ddeff25890a577d6555b6ba,0
0x14ae447e0dce7cc6e5a0256a91cc16e1a85104f96590ff23fc72c58b57165162,1
0x1a595d10be428e49dd3558859743fe4bc4570545a55d357f405bd630061c6be0,1
0x1aaa35712784713d9ef40bf4848132cc031ce04611d7837649a7f0bf3e03bbf5,1
0x2bda71f5b6c6a22a8d74bfd96fb7a9f5b820c707120b2a43f1698b3603767e7a,1
0x45bf5d11f27e0ac56f893d45bf5b02fb0f0e9d5e0d2e7af60f2a01c40e3c761d,1
0x45d93aa6b24ac2c6606d81ecae3d8ec5609772cfab3839661d3ae7319e3763b4,1
0x5e989304b1fb61ea0652db4d0f9476b8882f27191c1f1d2841f8977cb8c5284c,1
0x61092c396208c4c74430967e6061e9031ef80adcbb4cf64e58598a9e6b608302,1
0x9ac08d865feefeb644d34533fe59fbf144e55fa2def302ede1e966a6b8ab025a,1
0xa194eb8e4cfb8e25a01f15d8ef98c49998b89d336f99a3de5108bd57c580fd02,1
0xa64b650d1f3fbdbc6cabe439caf3bd9d375f45b02f5cba77f24285b300017692,1
0xa8289dbe3e49e9c5decaabd3777d9ad60a7b06863539b4948dd17e58a65f3e15,1
0xbffcf01e5aef5d5fc82f9ab7bf78110e3479dffc8f4dc503f663c6b47b9992a4,1
0xd9870068e40f8d7c4d58b87802c4fc830acbd90ff3e44460747c3a0727dfd3df,1
0x6506f43d8bdf16c391b5f24d47f5efb3822f8c6710e40f6c1297839e1ebe66c0,1
0x25800d105db4f21908d646a7a3db849343737c5fba0bc5701f782bf0e75217c9,0
0x46deef0f52e3a983b67abf4714448a41dd7ffd6d32d32da69d62081c68ad7882,0
0x847b8403e8a4816a4de1e63db321705cdb6f998fb01ab58f653b863fda988647,0
0xa284a1bc4c7e0379c924c73fcea1067068635507254b03ebbbd3f4e222c1fae0,0
0xb61413c495fdad6114a7aa863a00b2e3c28945979a10885b12b30316ea9f072c,0
0xbcf316f5835362b7f1586215173cc8b294f5499c60c029a3de6318bf25ca7b20,0
0x260d5eb9151c565efda80466de2e7eee9c6bd4973d54ff68c8e045a26f62ea73,0
0x444854ee7e7570f146b64aa8a557ede82f326232e793873f0bbd04275fa7e54c,0
0xacf84c5944f662a4fcf783806993d713a150994932008e72e4e47a58d6665f7f,0
0xecb31ff694c0e6c5e5b225c261854c0749ecf5d53c698fcda61f2d8e3db8f9fc,0
0xc3f70057e261af554c6acf6a372389899f0c2d7d1ebd27311e39525dee88fb39,1
0x04975648e0db631b0620759ca934861830472678dae82b4bed493f1e1e3ed03a,0
0x3947e5a4d98104e313e08ee321673e1183db3d6ff8b7207f3eabb36f71436c1d,0
0x62734ce80311e64630a009dd101a967ea0a9c012fabbfce8eac90f0f4ca090d6,0
0x74bc4d5dc7f8da468788da6087bb9f73465966ab5b8cf9cf1053d98e78a9bf96,0
0x9ce5187c7160f531189e4765f21af5975dc2a62d961fb61ae09866d082918256,0
0xb0688eb1f46c28f36d7397366146fced23d3f8da7e08b760a5f612ce134ee9d2,0
0xb16bbf03d324b66685c94d62dbe31c739ee23c114b3915d169c74cd7c98eec8c,0
0xb5c94efa0c8fd8f5c8cc2826e374a99620b01061d395b59b8f45dddc9fce1c60,0
0xc69b4c8029c70ae468e92af31120ac6b01bb89c6e35d34818413e9942aedebb6,0
0xefcb740bf9ec17ed99839ffcc05393fae5ec2d44149aee91ba119f48bc20a1ef,0
0x33bf669d125d11c432ac9b52b9d56161101c072fd8b0ac2aa390f5760fb50ca4,0
0xb2335f7bf58abbcaa006d0a2bed7db2c64a5dabed56fb1759260adc012c49abe,0
0xa05f047ddfdad9126624c4496b5d4a59f961ee7c091e7b4e38cee86f1335736f,1
0x5ce2cf51f0e6e099c33eabb84561cb01a1acb2c9fc26c5388cedec0e4292ce99,0
0xbcb1e5f7e432cf899af665b3c9f87e24337d3570e68fa7e211c962eadd83ea60,0
0xfd89cdd0be468a564dd525b222b728386d7c6780cf7b2f90d2b54493be09f64d,1
0x4858abc51876e1de9f506f34799d4f1852b4255f467b9e1f40951c631ddfa747,0
0x4f43fc6d674e85f7d306debb4a3d48e7688c2fe5a6332dd9ad57558a15c86ef9,0
0x57ee419a001d85085478d04dd2a73daa91175b1d7c11d8a8fb5622c56fd1fa69,1
0x691c8070749f00a5a5be3135d3912ff97d0dad05a0fb2b77b235aaa13260f002,0
0x161a4e9bd777c81af4b2f2c4062281bf25ce460b9b04fbea83f09fba270c8b3b,0
0x1f15a193db3f44713d56c4be6679b194f78c2bcdd2ced5b0c7495b7406f5e87a,0
0xffbbd492e0605a8bb6d490c3cd879e87ff60862b0684160d08fd5711e7a872d3,1
0xeff836fa1ce60f04b94544fa424764101323f1f7c8ab8265b4bd34e9fa84f8db,1
0xff8e9226091d513fc936ecc670030eba03f34dbe60cd012122bd18be44248d32,0
0x5488f6bbfabf7f1ada8e529c23dfc1fd129b4237536e9b5500b47d63f773e054,0
0xfdb93e00f3b1d24303db7f43eaa5ef50d3fde957ddeec7c0feb8c5497ba11182,0
0x354e1d2b418fe303d66a1eaab66d15535616042c35305c2464983e5c92645da7,0
0x3b7115ec64ff17781478c36ac5972331367f43aee1678dc20e4afe8608a813f6,0
0x44e7e2003f721929fdb58f50e673fa29496693b80d60fad494fe2322f007c0fd,0
0x5ce62b807b7c8c55cd7f1df4596a2d7fdd19cea012b3d1506a159902fa01c219,0
0x8d2ad51b548d1adf7500f4feb3ac874484d6d2ac9e71b1a13481cdef2e23f788,0
0x9099c84152dbdc72d84affb257b51b5bc67e349fb4beb67c41e1a37491f3ed24,0
0xd813751bfb98a51912b8394b5856ae4515be6a9c6e5583e06b41d9255ba6e3c1,0
0x030a236d9583c2c1e737330bb23bfb622108d727ee1f4f902e94e174f68a9a25,0
0x03e1fbe70dea5bf81e8785078c88fa9dff335bd0fe878467419c768d7690a754,0
0x040d78d3e759148121e85ebe164c45720187c554b06d27c16af05b886280723a,0
0x041877b765c0b93ebf58d187201d445be81fa12f6650ed981e36fefaa0596d05,0
0x05e48cbc7dcfb2a520aec53dae5fab1ecbab9c60e3095ed729b66aa0e2a6546f,0
0x0740582f62f99bc7aa6fc6d766d8f28ad696c53fa7663c47cf1546a66b4dd2e0,0
0x08136799c9f7f15e4f76b4a764519e264e7c6e8e1abccc3fbc2dfbb8d27e4b9c,0
0x0908bb9ec2d9d0ee84d5c489eac6f1d890ec3d3843fe79457c4a01c9570fd5f4,0
0x090af78d681a440f025fea93fdde86690c92de82d5eba6ecb45939337f16ab41,0
0x09eca40c8781655452f131f74662deb0a5d263b5b2e782bb4d3226782cdaaaf5,0
0x0a08edc9e50b8212b0dcf831627b768a12b5e1ca573762e770fd3ba115ee85b2,0
0x0e6ed92a0a615ea28ec2941b872a021bb657e8f44d1a681869e76fe3415e2be8,0
0x13aba80ce0a19b0b8bc9072291d9987eb29eedc7a7c72b67e6b62d1a02c8b9d0,0
0x13c60df2f2c4c993c5dfc43d8122ed6ab456efed2ef2a30b4221e04aa87b3b5d,0
0x15135e63a46fc498d97a1f22613aa90dcbc991a18be9bf925c3158e748f33c1e,0
0x168717b758b824b803263e35edc3c4bf2bc82aa3a69497281fb5bcf25c525852,0
0x170e2e59cc21effb443a9de63e851ace24dfc8628bf85183890f031d0f8ace07,0
0x1d1e122bec209f6cd60600ef5b4b7ff1d20b7eb8add76be16f3a306bde008d2c,0
0x1e25a08361548aecb15d7a5f0d415d33d2d1ee3b3785d32b7db701de2367332c,0
0x203542be4a32b64f4be02d1f6d83d57e46dc6d06fe16e0b19cb09d86b2c592a6,0
0x23233be812a0ad434d7d1044c1c8913753076ed5222668af4b48769befed5bff,0
0x257b3a660ac84a459dc928b488172c356c062391afc89c29b6ecbbb4ccaff69b,0
0x26e38e2bbadafcc8c2e3d193890d36d73b4397c1eccfad3a622d251cfe1dd550,0
0x27fb2dc4add95d8480ca5a038d6235b285e40121e0cc83170c63c47e988a5d19,0
0x2833f8c6a03667987d7ff4188924263c540a4ce832bf80ae8ca3c4b7d001bd22,0
0x2956d9ce4e7a7141d03357e25db9be859ec565c59a10e08a5aee398841b5e2f1,0
0x2bb11346ee785442bd6a48848ed198e896154bba6a8e3341e185a3d6e02af14b,0
0x2bea622b7df53746f8788055f451905f95acfb208fae35f5c31317c18943bd23,0
0x2d3ce93b5ae0d651d1f307b0215d6b550087b84377a471439d80139712ca78fb,0
0x2dd7950f238c1bb434a79001173444ff6b7bada88b42ab2d15ce3c823688740b,0
0x2e766cb5ec76bad7995bc1fe6d3776b32d2a9a773d37b60f8ca7000237c3193c,0
0x2f9e9f4a0ea7f59117b767254f76912518b8c25c717b79af5e4c64c5272e26f7,0
0x2fb4e6a1e219e476f5f61d34984bf139c3dad47137fc2edc4a656453104c8378,0
0x3082caab9e1c6585a9940633372de427efc031db28b233a8f33bb45d18aab0be,0
0x3115350a33303571a268df3c2743e452480e74ba3e63c1dbde4d7901419014d6,0
0x31a05a0200e7cedc337ed07194b55a4cd1735fc1a8a07236e92f2b17d7ee9967,0
0x322f896e32959d4ab038c87b432067bd2bdf39a99295fe45a4c112fe489eb27f,0
0x32fe04263c58e083724ffa8fc6c5fab22e2e8f7777547b7a1b8a82b53dcb03f2,0
0x337a95499b4bae1c8ec17173859652fc45bffaff34bc383aa8bac888e882522f,0
0x34645db04d7836db13a0a103c7a6322b26ab32b82c6e98578ba15ad520fb510b,0
0x35d88faa10e96d1b30b150b06371b1160902d7f5dd03ac5e50b3e133cfa6292d,0
0x3a781eea01243b83cda599959a102f87012492c58532baf1d0e9332741171802,0
0x3e7fd4c7ac1d2d5f55ac0b91a99cbd5729a29816b1bbdf162ac4cac05431d9a6,0
0x471478a8826ffa81b6593fa64d42e593b979c8bb3ec606ca9cb4a83fb6781293,0
0x4794cb1578bb9a4f8a0cde0c245b1dced539d3298eea447caa9a9aed5d346e3b,0
0x47b3ce9b32a4667d6fbb28d9dc67659c0efa73450adcb0e2629db16f61f201c7,0
0x47ce6ed2359daea3ff236c9395fc7045cb4d0af6eb33436ed8bc6373c38bcfd8,0
0x47dc96a2e1d35bd1ab5d6e4163981a46a2c30e3f8a1e64b99b22e920bd82b50a,0
0x4b0bad7cf226c1593391d4414dee5e06941c163563bd3ecd555a2dbda715895b,0
0x4c4c984e6375da3306bf7094fc0df9cf3dd27e6159d68808db1d43fbc1ea54b5,0
0x4d4bd356ca46cbb795c6ef457124f7b1a204e5cffad25127fdccdf1ca88f6775,0
0x4e1cb8892f6aaafbc986c8685b4466b768c4828f1b7fb52e71c303a670f2c91b,0
0x4e3acc8e4412731b28c580e958f1b90203eecbf9ce25009ce6ef729946d02e3d,0
0x4f27d420d5b5e95db1e5e960ede8c172237bc37be742c95b8a5846b1b745b260,0
0x50105bd1a13d59bbf525ab2fb6feead5693ea485da55994719319272d9a2ea11,0
0x50d7145b0f67c44ef34ee96dd410430e20c8674a57d6ec898feb47942dc9e63d,0
0x51ee3e4ff238c359b467758fea4742771e3dfefe45e5e04b0f60c0320aca1477,0
0x54ce28f1b7bcc04b72675971306e2985d38c3e7ff0c55a5fb5441225cdb7fad6,0
0x55deeef401fa86ee49be3c47d582edae9444e812a57d4ab68881e12a7caa2fad,0
0x59e34349ec6bd50eb3a00fc384c5841fc3df68602a38b23369f23adfabc19e26,0
0x5bfe0edb5efd24da5ade8ae63276192b1a318fd50522712e01a3a69c7c042537,0
0x5d713bf561a0715fe786cd6357dc207cde940ce88879a92905c48f5698cf5825,0
0x5f23c0e8ff52f2ebfdf753e3c1101fa0634268a5f19ed6d4bee1810ca6121231,0
0x5fc379c6f5611faafe3a023fd638460506511fad14181de5637221b6f02e0627,0
0x6331af88102f1f66f514f8078dc90d0247f99ca1a3e001c2c81c50745e807f6e,0
0x646c40bd7e3ed91b590c8cecb800efdf5ec80fc822a2861427026271cbaffae3,0
0x673bc45361372524546331dfbb1e6e1b72dfdf4c881744901c91e6a47fd1d4e0,0
0x680111b4a983f566d7c75c9f777e5642d5fe34e1c4e6e05a0a0665167beb8b6b,0
0x6869927dc8b992aca41b5a2539b79644dbca2431c120727df232026555565e37,0
0x6922c38c04e14c439ee241160d7dd4cb6c8cdeef40099dbf3dcc7a6a0c039d03,0
0x6aa7a5c7b4a66b995adae369e1cfdd47845a64fa773813a45d125dfb00ae2ae9,0
0x6c912996b8a5e68cf979128b56cc5366c91529ada7b2d27f350a62762dbb8ba0,0
0x6f9b91196139c536f01a9d0dc0cbf8a956b50a4388c3034551f20fa29c6ffbed,0
0x7290926f720c5bf0c4fffb759a2651120d99a5acabb3663b4049fc700b2ddb2b,0
0x7569cf9282c9649da8279f1611510d9d3225c056cc725fac7aac67b820e84c26,0
0x758e55eddb64c28b7c18523dea5f4ba675f1773a001ded5f431501d38bc566d7,0
0x7610ce806e5391434c4789339d97ef166d29ce56022d91d24fe59ea5a5229c8c,0
0x761c304ef633ff8ca949d946574182967ad57f040e70de8f226fd835f1879357,0
0x7aaf4bcbdcf92187f208f30742a9dc633be389b90e4053e71c3e6fd50ec566ba,0
0x7c07bdf07022093587bec7fb2833a7aef68b887807556526015c722ae4148729,0
0x7c44e83c97e6db90b2b15f4a5751800a812808d290f2df5b1524821161556fee,0
0x80d9fce5a6b6fe163aa3eb2e2d76023edd9ff9699070e310f35a1aa3bddba914,0
0x83c8b422d15f0545cc5160e35fee66b3b06a835644403a95a42d3ce37c88c6e6,0
0x879552422016e1e02588b8e9028521dd51dfad89a57d668f607429a37800d08e,0
0x88e6d406e7806f6602af124aad23cbd47e5b18016454a1ab63cd6fbdb086a88f,0
0x88fa7047d0d9fb205d0273b0d3d2f2195272b780ed06d240accbb5e01a1466f8,0
0x897dcb266dde450cb5955c36c191571f4a4531d5887593feb211e7ed1ba17f06,0
0x89ec6faa54d5c2e59c9267cc33044c88fff7c96ad8d268832e1c17619eb72feb,0
0x8b4c6dee1d4dc1c45911bb0e79e72562f6917f33a30f2d5391dd47bc588fbe8e,0
0x927e4a7ca1ab39c45f5a6f02b427a91a88fc3bb817fcca3b1518f200fbc7d70f,0
0x92aa532bca8ad8f21cc9b20b0900e806ba9cf66118b83c266d5a463df9cd099b,0
0x93d93ef086a8a589bc31b52392543f4074ecb229101685384e9331b43fc1ebc8,0
0x9594c2a2bb6873ac45e43701287bf3cebbe9f4abae73f065ef99441c96abc4b9,0
0x984fc20ed33ee6b96eb81d6c0ae18d9cfcc3cd1ae491a76c140cac4e33be6547,0
0x99db3d05ab01707a91c8c822871d2e51b15d0f0cacbe6b041d6f33d5368c999d,0
0x9a7f63c42d255aba9248dc5d07a1b31a488c375bb85486efc6a61ddba9a9014a,0
0x9cce986200cd9dd1ca91777b624d97fdec48801726b49ca9881ef82c5c144882,0
0x9e13d36a7635234f6443c2558940981506c7cf74bde12ea16d505cbfda8baef8,0
0xa00eb99fa76ec504b5d519df3bd9ca53d0f45cf6b3b1a42e86e5d15826372f8b,0
0xa2880956dd6bcd9cbb77936dc5976972e8f27b694fe26e69170defcf9f52663b,0
0xa5b07e4791353085e6a4876d1f2e433efb12689b31c64ccff14843bc6303337f,0
0xa718ed2467bfae4ab2abde652631c7beb2243e1d652ced9d3d3d8fe26faf75d0,0
0xa7b2c40588e95943375ea12a2b508fe21f8ecca33ce0fc4c1ba9962fba2b54da,0
0xab93a1c61811316f2d9667c60da7a5a50ff02fd499587633c7c9f5d0afdcd454,0
0xacbb425bc49486e5893f55d3eebd8937dae67bbf5aaacb45ffcbb14eb5600d93,0
0xb091035fc7a25fba1f75b0bc64a929ae60c42c7e226b1275362518e3a78ef3d0,0
0xb1a3d4a920bdc094aa41ac8a66195d5aba5bd1d36db6c2a87ebfbd138ab9a803,0
0xb1cde0cd5f853ba23e5ccfa30eb0a395aa246111eb4c4e663503570eb63dabe4,0
0xb29c9d6f8d376fbbb3349dbdef25fde684d4632a705d378fb6a2ae8aa3439ba7,0
0xb3dc8a64123d31b8bfaa97143ff4a0a6d36a0ad25090e35c3662fe0cb89ea945,0
0xb51ed6edb44a880dd9d9322aa11051e7fb66231674f9e97182fe6e7c91aa1b81,0
0xb65c42fe8e876cd7205f0f733ceb7f4ec4888d46dc7a3bbc17dc86ff52b6ca5b,0
0xb7fd7e134c3480315704ef318b0a3e4cf976b9babbcba56b67a07f1c3f6605dd,0
0xb92d405407c3b3fd7697f79b223d63eb4f395db5cb652ad4d5bedb9afae6f0ff,0
0xba9ab03d4cc59425a09d604bd33068795344fd9bb6b4028cc5d555afcca7e414,0
0xbaaf3ea927b9a84d844e3f0ec07f7b1db39fd657a0686e16affc80bc1bf2ba23,0
0xbc6264da042da8ee23583a0ff7d86d54438c38231100a97fda4a818feb1b99f6,0
0xc5db94c035e6d8c80404e3d96614c9bd26195c098ce2959955b82e6983bef10b,0
0xc5feca0481ecb297e3c7f71f8f2b82d22f034b6be497f01d0b366f078be30a08,0
0xc63c2f6f7359934fccf7c06fc8e9b113c137e3ba95f47b0448a52c9e3df1abaf,0
0xca8b1670547acdb5c420bbc949c1bf9ff1d77793c07413f3a08f396dc36c85d9,0
0xcb81fe10d4f31a5e1af46204e882a6f8378938c2ddaf91db8502b8690ff66b76,0
0xcc929e075e8b9e122ca273ba7377145dfe8ae6f2d636e79fa11f6e908de0e558,0
0xcca56748246e4455b0c6494cbc09df9aa6ff2e1975021609b257738a381121b0,0
0xce0926fa8bb4c5c1576c1f1a03b7031b60e8d1cef331e447caa1cb3634017897,0
0xcf8b9a5b288df464235da9c363e559871c060d173ded3917c92f2ac1addfcf35,0
0xd070c4d58aceb0c728d36575cb875351a2da723cdf1acf7a754d1464a14cf869,0
0xd198fe528efce4dc7f30df60c91e788e8eccf418fa6e51bd37911ad403c8bb7e,0
0xd1ef266ea0ea21c085d007f9beb75fcc6c4e74886a864721bafbcc2086302af8,0
0xd39d94f3b5aabb46e3981fbb54d91ddfc7befdec51d74f2a6897f6e05ea4ae74,0
0xd525933579d0abb7e92e48aa9425f4d2bacac058f69348064f93aa8843416cc7,0
0xd670112c8c4118e5ab3b180d9db1b0849dcff44f2fef4d0619f3e3526934407c,0
0xd8737aef09b3adde731262e11ea3f7e0837150991a0ac05c62f94c63044d3ca8,0
0xda8b229d8153fd8f040e54ce76845032cc5bb90c7eef10554af5c15c382e9e6b,0
0xdb4b35bce8103e506f7c20e03ad357604312bbcd19d270f72a892b0bb8c39095,0
0xde6712e3a6ed780da54b3665b6741b5ebd19cf4217761410cd9de7d8a18793f3,0
0xe04233725ef3f5f738abe5ce08eb5672f7a1b2db84adc08b32ce02fa0b2b99d3,0
0xe06541424b667481d341542940870cad4c44f0a6cca5897ca0b584fd1ac3781f,0
0xe33ea222186616b05c5c15f6eaa4c94822e14b1887680078769c6bdf6b212a3b,0
0xe363677334453cabdc05cb1e31992dd50925d5b8f6723a9efcb574743f8d9a94,0
0xe4ddf161e15a71719aed95c619ba691c331de72bb14cca91275f91fc8af8c624,0
0xe58fbe11e4494c7042ff3ada68ddb85ab935db3095dbcf09971fad5319fded27,0
0xe5c8e3fced1662a7a39022a960f9c47f12c7ae7e69cf1a955683503f76401974,0
0xe7d9daaf184d638708f8bff989f706a44b9700d85edacaab1974d2d593a3b851,0
0xe7e43dbdf2a4c83c907cd601eeca4bffe568c3e160bcb6d434924815fa42962f,0
0xe9d89e81c02a46113d5754fb0cd088084ad78ff231702267b316adaeef59d8fe,0
0xec3e54cec31626b707b33b9d34da75d6e92d4a91ca0080f859fb47b7d5fcc2c3,0
0xec5d84affa5234cf27e0de1f3f576e2e9df7112a0fdbeee0fee66bcc8c0a58d7,0
0xecc228a8d5359e9e8da87a0231eff4965bf4f0acfb3cbedff8fd8f94abeeab79,0
0xf2eae8a178bd3f79a740bf6234d63066fc4c998466347440d06d12dfdec5b213,0
0xf379e111b88aa7462cbe407ce7b0a9e0f09840bdd6fdbe64227082c3b4e0b190,0
0xf4c389e24388b701e700fd6d364089039558d235e626f55493964f2dbdd47aa6,0
0xf690f2e07123abf6182be2c619a20836a43a2de20404158e9f4fbd8d366afc4f,0
0xf693a577d7e0941e5c25d73e615e6e02b803891f1ef05944548c29d5a982b643,0
0xf9bfd15bdbe6141476da432543b2bb75c9c68c03b81d7741208f6f75de0a3f34,0
0xfbbd97359810651a81691dca829b32264e78210e02c4a07d5109a09093abe07e,0
0xfd5da48767ccb509d7672bf6add3c85ddb8b9cda7f3596d10dc722937d5dbcd6,0
0xfe1aa274be4bb439d7596cc84b3ac7f62175c56ac13967411e605be59739e74f,0
0xfebc705d4b95a2c316bade01c46be718ccf8b3646e668faa090d0309bbb75890,0
0x1c27c4d625429acfc0f97e466eda725fd09ebdc77550e529ba4cbdbc33beb97b,1
0x9f4d507cb7d8279fd110ef13e59dbfd74a0cebaf456de909826a5761e32574e6,0
0x0709e16737fab445a0849df2971566832abe6a9017010aa6b5a3377dd8bc8dff,0
0xab395b468fcd9f1e718e44a5ec22c1e3a6e3771ab7c9291049d5964d8fe25220,0
