hash,ensemble_score,ensemble_label,pu,ae,aae,rf,et,xgb
0x3097830e9921e4063d334acb82f6a79374f76f0b1a8f857e89b89bc58df1f311,0.3333587012346693,Benign Tx,8.663585322210565e-05,0.9999786066261944,0.9999999061789481,0.0,0.0,6.343446443679568e-07
0x465a6780145f1efe3ab52f94c006065575712d2003d83d85481f3d110ed131d9,0.33279100874949363,Benign Tx,3.662242306745611e-06,0.9967429580012238,0.999994529889102,0.0,0.0,1.86018303338642e-06
0x47ac3527d02e6b9631c77fad1cdee7bfa77a8a7bfd4880dccbda5146ace4088f,0.25449495646289794,Benign Tx,9.99999993922529e-09,0.9845314953777213,0.5424381254710866,0.0,0.0,1.7679715824669984e-07
0x62bd3d31a7b75c098ccf28bc4d4af8c4a191b4b9e451fab4232258079e8b18c4,0.32066011369121966,Benign Tx,0.0035602450370788574,1.0,0.9168390134075901,0.0,0.0,1.7679983557172818e-06
0x138daa4cbeaa3db42eefcec26e234fc2c89a4aa17d6b1870fc460b2856fd11a6,0.3311149397249064,Benign Tx,1.927864559547743e-06,0.9995252041508474,0.9824950323301128,0.004937135709077098,0.002060666007253558,5.174927082407521e-07
0x1fe5a53405d00ce2f3e15b214c7486c69cbc5bf165cf9596e86f797f62e81914,0.33338151404664873,Benign Tx,0.0002176815614802763,0.999853155297449,0.999999999999998,0.0,0.0,8.487892273478792e-07
0x71a908be0bef6174bccc3d493becdfd28395d78898e355d451cb52f7bac38617,0.3103964904111661,Benign Tx,2.8975830446142936e-06,0.974755657928585,0.8876172356091088,0.0,0.0,3.8064482055233384e-07
0xa6f63fcb6bec8818864d96a5b1bb19e8bd85ee37b2cc916412e720988440b2aa,0.3331871451899781,Benign Tx,4.978529887011973e-06,0.9995888629584049,0.999523638677439,0.0,0.0,6.18666376794863e-07
0xc310a0affe2169d1f6feec1c63dbc7f7c62a887fa48795d327d4d2da2d6b111d,0.3160051273511697,Benign Tx,2.7058300489102294e-08,0.9959792450928262,0.9000511901527897,0.0,0.0,4.121172025861597e-07
0xe3f0d14cfb6076cabdc9057001c3fafe28767a192e88005bc37bd7d385a1116a,0.6697441156443029,Malicious Tx,0.9984108209609985,1.0,1.0,0.011508055818549242,0.02093772351108408,1.8798586097545922e-05
0x2bb955b94aa5e2cc0854e23b58268d89aab93e17cb8b11c61996d875f1cc64f9,0.32000401510940374,Benign Tx,6.696006312267855e-05,0.9999999706041408,0.9198895756561112,0.0,0.0,9.364048878524045e-07
0x454c858e7f7b11706335225c72b1eaee13a215e8657a4ae699669d6f1cd18550,0.2603101976360114,Benign Tx,9.215328645950649e-06,0.9952232453816333,0.5666193818165058,0.0,0.0,1.9194095557395485e-07
0x8222caee8d1e1188f7a99af8315486a828aaf3432b6528a8e45b9f1bb73653e3,0.3195197240024506,Benign Tx,6.028458443552154e-08,0.9997651424397003,0.917352916052088,0.0,0.0,2.474306199928833e-07
0x4b2a2d03b3dc136ef94ebe2f3bc36231b104172bcb598104730898f7d81a55db,0.30464602586163064,Benign Tx,3.170486161252484e-05,0.9999881115329466,0.8261676486247422,0.0,0.0024850894632206764,3.884700845446787e-07
0x787980ae064cba2430213ffe14bff6fd71193983055725dcf185341bab68811e,0.2755944978508419,Benign Tx,5.614834464040541e-08,0.9132707755304288,0.7402958183236512,0.0,0.0,4.2143142309214454e-07
0x6957ccca95ad6a7f2d698a2362f4881591ff18f18cbc5edb149ce490521639a6,0.2730515043108092,Benign Tx,1.1136392458865885e-05,0.9987164952933214,0.6395693904613184,0.0,0.0,1.3009879467063001e-06
0xa34d79cbe9aef1bf07692885b353d85912523dfc4662611d33dd09ff6c319c85,0.3257487684072413,Benign Tx,0.000891727686394006,0.999884871515001,0.952823863682428,0.0,0.0,6.298098469414981e-07
0xef7f6864a93f8d10dd8fafbe75b041db8c282159fe43632c26a29f176894678e,0.32838596916048135,Benign Tx,1.6998670560042228e-07,0.9770181671542306,0.9932970476081404,0.0,0.0,3.903406593508407e-07
0x04b166e7b4ab5105a8e9c85f08f6346de1c66368687215b0e0b58d6e5002bc32,0.2505477836212107,Benign Tx,9.99999993922529e-09,1.0,0.5032861992387385,0.0,0.0,7.532094059570227e-07
0x11d069cbe4490cc483b1ae2e77c9c79493213347b42a8dec2ded25724e2f1835,0.35788713189952975,Benign Tx,0.0736611858010292,0.9999999999999544,0.9999999999999997,0.0,0.0,6.296927494986448e-07
0x40be81f859227aa952e70fe1f5e8c84feed6aa3c2a4d6bf38125cd6bc222560a,0.3657557170253527,Benign Tx,0.09726689010858536,1.0,1.0,0.0,0.0,7.829024184502487e-07
0x3610d3e3f2381c73f4bd128df9be90de87482802f30712dd555619b8bf3462a4,0.38209210533640064,Benign Tx,0.1462760865688324,1.0,1.0,0.0,0.0,6.883211085551011e-07
0x43ff7e01423044cfb501b4fe9ef1386725c0ddc117dadd6e6620cb68bdeaf4f9,0.36618463309804444,Benign Tx,0.09855378419160843,0.9999999999997955,1.0,0.0,0.0,3.453078818438371e-07
0x542838429f32b49d71264cc1036bb7cfd66824613ba0c437f7ce4269edb58f74,0.3936579010839978,Benign Tx,0.18097324669361115,1.0,1.0,0.0,0.0,1.3696751466341084e-06
0xbb9aac794415b2fbe2c947fe37ebb29c75526c150d33dd408ccddbcb52534828,0.3465981074586466,Benign Tx,0.03979407623410225,1.0,1.0,0.0,0.0,7.384255127362849e-07
0x8e28bc58897f35e71b727f3066ae57b4d597014db6778bbf70838347c112e0e1,0.34144175567418716,Benign Tx,0.02432507462799549,1.0,1.0,0.0,0.0,5.771836981693923e-07
0x6ac2d60c8f48144f2adb10ab161efdd491a791c6a666c450d4b33c6889fc0925,0.34256159819295184,Benign Tx,0.027684686705470085,1.0,1.0,0.0,0.0,3.2362015645048814e-07
0xea3480f1f1d1f0b32283f8f282ce16403fe22ede35c0b71a732193e56c5c45e8,0.33589825324574446,Benign Tx,0.006872744765132666,1.0,1.0,0.0,0.0024654832347140066,5.616815883513482e-07
0x578a195e05f04b19fd8af6358dc6407aa1add87c3167f053beb990d6b4735f26,0.33513733044689564,Benign Tx,0.005446848925203085,0.9999296903583035,0.9999999979208787,0.0,0.0,8.948276786213682e-07
0x8db0ef33024c47200d47d8e97b0fcfc4b51de1820dfb4e911f0e3fb0a4053138,0.6954180437926615,Malicious Tx,0.9975269436836243,1.0,1.0,0.2065066187041387,0.059389494766522805,0.0002854496124200523
0x93a033917fcdbd5fe8ae24e9fe22f002949cba2f621a1c43a54f6519479caceb,0.3658073237624472,Benign Tx,0.09742175787687302,1.0,1.0,0.0,0.0,6.402314056686009e-07
0xe855cc3bad87933bf742fd474bd0ae0ec58d45e9c1a0643b9700dafe8faf0864,0.6939598463713617,Malicious Tx,0.9978864789009094,1.0,1.0,0.1508651537007071,0.10107531167385561,3.8715264963684604e-05
0xeb87ebc0a18aca7d2a9ffcabf61aa69c9e8d3c6efade9e2303f8857717fb9eb7,0.6810973206753556,Malicious Tx,0.9762005805969238,1.0,1.0,0.1940075253118787,0.007258094021595151,8.524953955202363e-06
0xefc4ac015069fdf9946997be0459db44c0491221159220be782454c32ec2d651,0.18627397694867462,Benign Tx,6.971558264012856e-07,0.3189661274865404,0.7986758431805614,0.0,0.0,7.450699399669247e-07
0xcb0ad9da33ecabf75df0a24aabf8a4517e4a7c5b1b2f11fee3b6a1ad9299a282,0.28732530486443225,Benign Tx,2.2485158979179687e-07,0.8361283967326069,0.8878226893545615,0.0,0.0,4.4009436805936275e-07
0xd55e43c1602b28d4fd4667ee445d570c8f298f5401cf04e62ec329759ecda95d,0.38864588677713074,Benign Tx,0.16458745300769806,1.0,1.0,0.0016436387574684864,0.0024047710657945443,2.212147819591337e-06
0xa84aa065ce61dbb1eb50ab6ae67fc31a9da50dd2c74eefd561661bfce2f1620c,0.33281965953345805,Benign Tx,5.65800428375951e-06,1.0,0.9969065091526403,0.0,0.0,1.9805931117389264e-07
0x2e7dc8b2fb7e25fd00ed9565dcc0ad4546363171d5e00f196d48103983ae477c,0.6563993910293727,Malicious Tx,0.9533645510673523,1.0,1.0,0.03781294947400807,0.009682390399347662,5.526188942894805e-06
0xb676d789bb8b66a08105c844a49c2bcffb400e5c1cfabd4bc30cca4bff3c9801,0.2881562780472776,Benign Tx,1.7478873814980034e-06,1.0,0.7289341085837413,0.0,0.0,9.588774219082552e-08
0xc93eb238ff42632525e990119d3edc7775299a70b56e54d83ec4f53736400964,0.33322800276196607,Benign Tx,1.1825044943236662e-08,0.9999999999999993,0.9993677782192825,0.0,0.0,3.2205363709181256e-07
0xcd99fadd7e28a42a063e07d9d86f67c88e10a7afe5921bd28cd1124924ae2052,0.3269319449141331,Benign Tx,9.99999993922529e-09,1.0,0.9615914366579414,0.0,0.0,3.3679168609523913e-07
0xe928d5de53bea42231d0dd140a3f761adb93081038a368591eb1166168297bdc,0.3330659492229458,Benign Tx,9.99999993922529e-09,0.9984099960854598,0.9999852145783223,0.0,0.0,7.268816375471943e-07
0x6e6e556a5685980317cb2afdb628ed4a845b3cbd1c98bdaffd0561cb2c4790fa,0.6784135756059386,Malicious Tx,0.9985173344612122,1.0,1.0,0.06616510468581538,0.04399389843759152,1.117394640459679e-05
0x006763dff653ecddfd3681181a29e7e6d6c2aaa7bafb27fe1376f3f7ce367c1e,0.6920750817201955,Malicious Tx,0.9973293542861938,1.0,1.0,0.21590556741952066,0.020740965411356675,4.113979230169207e-05
0x2a027c8b915c3737942f512fc5d26fd15752d0332353b3059de771a35a606c2d,0.3287448520010492,Benign Tx,3.1822801247471943e-06,0.9788509268251984,0.9936115556109927,0.0,0.0,3.97514781980135e-07
0x0788ba222970c7c68a738b0e08fb197e669e61f9b226ceec4cab9b85abe8cceb,0.6476437935365608,Malicious Tx,0.9279784560203552,1.0,1.0,0.004933030109940584,0.038843882568125765,0.0010818610899150372
0x7ac4a98599596adbf12fffa2bd23e2a2d2ac7e8989b6ea043fcc412a29126555,0.7177355250675844,Malicious Tx,0.9934740662574768,1.0,1.0,0.46487642087406955,0.0143061686208668,1.4937340893084183e-05
0x8b74995d1d61d3d7547575649136b8765acb22882960f0636941c44ec7bbe146,0.33406783433024295,Benign Tx,8.862467439030297e-06,1.0,1.0,0.006583109792017233,0.0,8.117778520499996e-07
0xc087fbd68b9349b71838982e789e204454bfd00eebf9c8e101574376eb990d92,0.3333327276391015,Benign Tx,3.456125696743584e-08,1.0,0.9999958126698061,0.0,0.0,7.260634333761118e-07
0xbc08860cd0a08289c41033bdc84b2bb2b0c54a51ceae59620ed9904384287a38,0.3314684014533401,Benign Tx,9.99999993922529e-09,0.9999999999989306,0.9888100349178566,0.0,0.0,5.473730766425433e-07
0x8af9b5fb3e2e3df8659ffb2e0f0c1f4c90d5a80f4f6fccef143b823ce673fb60,0.26100954198092957,Benign Tx,5.612649829345173e-07,0.6187488535705297,0.9473070972776283,0.0,0.0,2.6776118033922103e-07
0xf7c21600452939a81b599017ee24ee0dfd92aaaccd0a55d02819a7658a6ef635,0.6314092000551168,Malicious Tx,0.8030433058738708,1.0,1.0,0.2564163183389914,0.01709688914966882,3.967538577853702e-05
0xfeedbf51b4e2338e38171f6e19501327294ab1907ab44cfd2d7e7336c975ace7,0.6521675211658977,Malicious Tx,0.900300145149231,1.0,1.0,0.15441369246716596,0.014185463297799503,8.099280421447475e-06
0x53eeab4447db331dbb47f93fd58a95d6faa230d559acde0687f8b5f5829e7a45,0.6063536686777217,Malicious Tx,0.812778115272522,1.0,1.0,0.016397278585708316,0.0024129124224155874,3.848127380479127e-05
0x573199feba92ab6577847f2baa634ec84845d96474af31ca81a6b82ab3a4178f,0.6009239279347153,Malicious Tx,0.8019582033157349,1.0,1.0,0.0,0.0023626512096773774,7.809025555616245e-05
0xdfbfb0387129541c65934e71deee404ea70de6629258ae49d9f24bcf6e866ea6,0.3290600770923432,Benign Tx,1.9065020069319871e-06,0.9994344057307541,0.9749217495659915,0.0,0.0,7.413799494315754e-07
0xb56e984a866afed36ccf28c2a659845f5529d7de3f609d67c16c20e337c106fc,0.25532836299058126,Benign Tx,1.73694352270104e-05,0.5350274902674071,0.996907728840979,0.0,0.0,3.299469710782432e-07
0x09a3a12d58b0bb80e33e3fb8e282728551dc430c65d1e520fe0009ec519d75e8,0.5073507714543289,Malicious Tx,0.5164090394973755,1.0,1.0,0.004924983414852023,0.011919448600740923,8.539258124073967e-05
0x396a83df7361519416a6dc960d394e689dd0f158095cbc6a6c387640716f5475,0.665383410378232,Malicious Tx,0.9918428659439087,1.0,1.0,0.003274365646417003,0.009623564713564698,2.4165212380466983e-05
0x1a7ee0a7efc70ed7429edef069a1dd001fbff378748d91f17ab1876dc6d10392,0.33570874948378515,Benign Tx,2.06773233912827e-06,1.0,1.0,0.02137120731748191,0.0,1.334839566879964e-06
0x485e08dc2b6a4b3aeadcb89c3d18a37666dc7d9424961a2091d6b3696792f0f3,0.6671446381983206,Malicious Tx,0.99277663230896,1.0,1.0,0.01639347370301085,0.009525303138702274,5.307001629262231e-05
0x51ce3d9cfc85c1f6a532b908bb2debb16c7569eb8b76effe614016aac6635f65,0.3377182968175387,Benign Tx,0.013154705986380577,1.0,1.0,0.0,0.0,5.533987064154644e-07
0x4d8d7e6f2bdc49e724b8d2a0241cf31d0911a230fa17230c7f025cead1842e93,0.3690285207852744,Benign Tx,0.10708530992269516,0.9999999926763192,1.0,0.0,0.0,7.682849059165164e-07
0xec7523660f8b66d9e4a5931d97ad8b30acc679c973b20038ba4c15d4336b393d,0.28193491285007105,Benign Tx,9.99999993922529e-09,0.9999999998531668,0.691609129246322,0.0,0.0,5.101572355670214e-07
0xbc8c30b7db136e97251eaa9897853ddf125f155b7c63bbe4c06d704384a40556,0.3332503351260326,Benign Tx,2.5211276806658134e-05,0.9999999999999688,0.9994513972452197,0.0,0.0,2.8643609084610944e-07
0x97201900198d0054a2f7a914f5625591feb6a18e7fc6bb4f0c964b967a6c15f6,0.3178333423144473,Benign Tx,9.99999993922529e-09,0.999998271205397,0.9070016032257804,0.0,0.0,2.6449657752891653e-07
0x591d054a9db63f0976e533f447df482bed5f24d7429646570b2108a67e24ce54,0.6667697572879338,Malicious Tx,0.9890589118003845,1.0,1.0,0.009854745290181993,0.023890274860928113,6.060039140720619e-06
0x032c9e7fa7d1697fa64fd4a59f0d08278d27aa537525e9bd17f71f01d36b8b6a,0.7118430502656465,Malicious Tx,0.9956398010253906,1.0,1.0,0.37222624050314573,0.04740717795991444,3.463085158728063e-05
0x1ea0a2e88efceccb2dd93e6e5cb89e5421666caeefb1e6fc41b68168373da342,0.3461308109217498,Benign Tx,0.03839155286550522,1.0,1.0,0.0,0.0,2.6396992325317115e-06
0xc6c3331fa8c2d30e1ef208424c08c039a89e510df2fb6ae31e5aa40722e28fd6,0.7106927348226886,Malicious Tx,0.9947423934936523,1.0,1.0,0.3886103152696368,0.02338784229921647,9.27535438677296e-06
0x04e16a79ff928db2fa88619cdd045cdfc7979a61d836c9c9e585b3d6f6d8bc31,0.33488832571602384,Benign Tx,3.199828279321082e-05,1.0,1.0,0.011508089635700706,0.002388230798624313,2.616161509649828e-06
0x2a50db3dac1b4468d226deb53cb34737669b5f93848ac04d4e296ade06f9876c,0.34678410037000484,Benign Tx,0.019978970289230347,1.0,0.9999998907353516,0.0345273750882318,0.026575681331879607,1.7099939213949256e-05
0x995e880635f4a7462a420a58527023f946710167ea4c6c093d7d193062a33b01,0.4242504969107201,Benign Tx,0.23585954308509827,0.9999999717871639,0.99970943927649,0.09871267831500032,0.012367634945906661,3.141308479825966e-05
0xb95f56a93af1dbf477b2c527e186cc37aa4a973f8007717ff6c58ac62eb28a62,0.6329938806831635,Malicious Tx,0.8970889449119568,0.9999999999999232,1.0,0.003284795430262011,0.0023626512096773774,3.064477277803235e-05
0xcf834aff4de9992f5da9c443600dad9c6277a8a00de5007842fece51564992db,0.31373100372723167,Benign Tx,2.5496996386209503e-05,0.9999999999865579,0.8812418209994111,0.0016394560678236678,0.0,3.550091491888452e-07
0x26a83db7e28838dd9fee6fb7314ae58dcc6aee9a20bf224c386ff5e80f7e4cf2,0.3593531119088705,Benign Tx,0.024285292252898216,1.0,1.0,0.16122679135845772,0.0,9.53390626818873e-05
0xdb4616b89ad82062787a4e924d520639791302476484b9a6eca5126f79b6d877,0.6962317059771328,Malicious Tx,0.9804236888885498,1.0,1.0,0.32004614814276683,0.004747685495855174,2.0453489923966117e-05
0x2cc3c3cfbdf04441f3349e49768c909ac252ace6f78b24a25d4700a47883514a,0.33955083014336646,Benign Tx,0.018652403727173805,1.0,1.0,0.0,0.0,2.601087771836319e-07
0xd9b3e229acc755881890394cc76fde0d7b83b1abd4d046b0f69c1fd9fd495ff6,0.3383681225498094,Benign Tx,0.01510411873459816,1.0,1.0,0.0,0.0,7.467444902431453e-07
0x03543ef96c26d6c79ff6c24219c686ae6d0eb5453b322e54d3b6a5ce456385e5,0.2927825941908644,Benign Tx,3.3764584372875106e-07,0.7567411381006721,0.9999534248524641,0.0,0.0,4.903505441689049e-07
0x5a63da39b5b83fccdd825fed0226f330f802e995b8e49e19fbdd246876c67e1f,0.3117159365388794,Benign Tx,9.93199682852719e-06,0.9824634298567141,0.8878111408486689,0.0,0.0,1.776801354935742e-06
0x7acc896b8d82874c67127ff3359d7437a15fdb4229ed83da00da1f4d8370764e,0.33333335222888,Benign Tx,9.99999993922529e-09,0.9999999999295563,0.9999999122220286,0.0,0.0,2.807780674629612e-07
0xbeefd8faba2aa82704afe821fd41b670319203dd9090f7af8affdf6bcfec2d61,0.7153078508129955,Malicious Tx,0.9976243376731873,1.0,1.0,0.40726561773846653,0.037551506657401555,8.051990153035149e-05
0x75e3aeb00df69882a1b15d424e5e642650326ca3b923d7fd1922d57c51bc2c78,0.3335391683392976,Benign Tx,6.626248068641871e-05,1.0,1.0,0.001648488229556834,0.0,5.239382062427467e-06
0x06d7e7436414c658a33452d28400799f3637e83930dcec39b3bd065dabc6ef04,0.3108128401866182,Benign Tx,1.3725603821512777e-05,0.900702939595903,0.9641464179091928,0.0,0.0,3.486104560579406e-07
0x23fcf9d4517f7cc39815b09b0a80c023ab2c8196c826c93b4100f2e26b701286,0.42557661529944746,Benign Tx,0.2767294645309448,0.999999999999948,1.0,0.0,0.0,1.1441022707003867e-06
0xf0464b01d962f714eee9d4392b2494524d0e10ce3eb3723873afd1346b8b06e4,0.3322070176586025,Benign Tx,1.7220265817741165e-06,0.9958243950417314,0.9974139440014109,0.0,0.0,4.842829639528645e-07
0x6da8f7cb19d6e56cd9b74298677986b3b55cb9db902175c2627b7d57a85e820d,0.4025320972224958,Benign Tx,0.2075960636138916,0.9999999999999947,1.0,0.0,0.0,6.841607955720974e-07
0x6e1baa7ade5bbbabd1cefeb807327aec6082b8b467b9ff74772959c27520c743,0.3998780710773652,Benign Tx,0.19963401556015015,0.9999999999999973,1.0,0.0,0.0,5.930158408773423e-07
0xee02781eda4108f8fb3cca8355218961ad3a3e769b3de8a869acb8ed1654a67e,0.4001952402591747,Benign Tx,0.19976305961608887,0.9999999999999989,1.0,0.0,0.0024654832347140066,2.5002495931403246e-06
0x9f3712672be7a120757d42fbe15ceefe9578914946bacbd0f3531e7fb7305576,0.3958221809830633,Benign Tx,0.18746627867221832,0.9999999999999981,1.0,0.0,0.0,7.928309173621528e-07
0xb82239e256404e94edd650c68cea92e146c2f361a09eea11b02624eeaffbaae1,0.4103436451596579,Benign Tx,0.2302086055278778,0.9999999999897775,1.0,0.0,0.0024654832347140066,1.5066339074110147e-06
0x57b736acc7a71a5d7d28f0abcf2d0b6553623ad480464ec347ebb30ab05aae33,0.33916339578194254,Benign Tx,0.016668101772665977,1.0,1.0,0.0,0.0024654832347140066,7.734847713436466e-07
0x398a7ea42fab5228200835141bb732843b33943a8cf63bf16104568ccdfded62,0.33333235974239556,Benign Tx,1.0594914101602626e-07,1.0,0.9999938296014205,0.0,0.0,1.7543200669933867e-07
0x45534e2b0d807a4b427498b973e6e02bab0ca6857b29e7c0888e9f3e03fcc0e5,0.35548030842548745,Benign Tx,0.06644070893526077,1.0,1.0,0.0,0.0,6.490236046374775e-07
0x30fef86a72ea7e1109ffeae572439995c78561ffeb968dcbd61c609efc60fdd9,0.3359947135371518,Benign Tx,0.00715922936797142,0.9999999761847704,0.9999994560194854,0.0,0.002475033103567775,5.523205004465126e-07
0x610c0f7b64567fa173c701ec106acb192f6ccda5492e2c1d2e39c8a43493f954,0.35633960053731545,Benign Tx,0.06901849806308746,1.0,1.0,0.0,0.0,9.106465768127237e-07
0x68c900fb23f766ee989b73c9845cc1d98ceadbd36f586e2db47d5acfe60857e2,0.32906508682633706,Benign Tx,9.99999993922529e-09,0.9999999936145122,0.9743901823881573,0.0,0.0,5.157225473340077e-07
0x871cbbf381295e1c1f9014e036d2a6e860ad7571fdee03a10a40be6a905fc499,0.3365353335293169,Benign Tx,0.009605432860553265,1.0,1.0,0.0,0.0,1.7031821926138946e-06
0xbe79c19ab998540e35a514b24ce65c1857c5604e6c0f8f2b485a53002cf02739,0.34890955907200627,Benign Tx,0.046728502959012985,1.0,1.0,0.0,0.0,5.227710175859102e-07
0xbe86b5b967a67365e7430ddd1bdf24556c64d1f6ab1e0898c67cf18c62ee584b,0.33762770210877435,Benign Tx,0.012882894836366177,1.0,1.0,0.0,0.0,6.344698704197071e-07
0x71369909c1473635961d7618484705b6a83faf55e0e6b6f885ad0c9ed0d97d56,0.36583511717680667,Benign Tx,0.09750513732433319,1.0,1.0,0.0,0.0,6.426182608265663e-07
0xfcba2c38617edab9abf146bf4381edd2674873cc7bae9c6ba505a45e03a7228b,0.33152450332740313,Benign Tx,2.1352088879211806e-06,0.9999999996093907,0.9891426253224096,0.0,0.0,1.8692226433358883e-07
0x4019890fe5a5bd527cd3b9f7ee6d94e55b331709b703317860d028745e33a8ca,0.3236906444037323,Benign Tx,9.99999993922529e-09,0.9889874676906834,0.9531562679797301,0.0,0.0,1.9612390644851985e-07
0xdd6e9625a9f9d7d91b00aad8d4bbfdc1fef4553a0b21b6f26a4a29cdfcbb4889,0.34683094224907207,Benign Tx,0.04049269109964371,1.0,1.0,0.0,0.0,4.069427177455509e-07
0xc12a4155c2c90707138e4aef8883c8f724371145823e2f661f19b93e5b3a9d6e,0.3209310282564134,Benign Tx,9.99999993922529e-09,1.0,0.9255858540993055,0.0,0.0,4.6686659516126383e-07
0x35a73969f582872c25c96c48d8bb31c23eab8a49c19282c67509b96186734e60,0.3355730729101176,Benign Tx,0.005897137336432934,1.0,1.0,0.0,0.0024654832347140066,7.609470458191936e-07
0x1e73c4205822c28a5cb85fa354771bb4a72eb1778b68932e7ab7ba9559db09ec,0.32599587947941316,Benign Tx,7.017519965302199e-05,0.9999999999386419,0.9481756390402759,0.011488650131438032,0.0,2.8111594474466983e-07
0x4ff4028b03c3df468197358b99f5160e5709e7fce3884cc8ce818856d058e106,0.33341287469646924,Benign Tx,0.0003212999436073005,0.9998566570896618,0.9999774308607376,0.0,0.0,8.405118023802061e-07
0x00c503b595946bccaea3d58025b5f9b3726177bbdc9674e634244135282116c7,0.5091044192521713,Malicious Tx,0.5022833347320557,1.0,0.9859604043802406,0.03950898101400629,0.05663802966069587,2.1518283119803527e-06
0x12641ade277ba56215bffe6608fb078beb93bf3bb46a37fba91144790895d580,0.6579857903821239,Malicious Tx,0.94427490234375,0.9999949119389788,0.9999999999999958,0.05751506106503423,0.0315375253404738,2.452093895044527e-06
0x0d4b5a415fa9a1452a09f8788c85a4acd2e0866519e73bdc37f5591e027b36ac,0.3218133102411925,Benign Tx,0.050656359642744064,0.9999999918564755,0.818006890375975,0.0,0.01733747297787878,2.9169159461162053e-06
0x0c91723ebf69efc84d87ae393af51410491368fe9e9edc29cef38d5479aed140,0.3545069321207592,Benign Tx,0.19224536418914795,0.9999999999975834,0.7183056864402524,0.004920571525683683,0.03143964658549616,7.548751455033198e-06
0x0e38dd693ddbc2f62282932f36a4b8de75f8ea1da530532af26698b4eda9a110,0.5569981809134523,Malicious Tx,0.7249783873558044,0.9999998633615573,0.8828371543166267,0.0016480604010773517,0.012143940560374948,9.386749297846109e-07
0x3b6c97c76446650e65959723c20489ac792fe9101d57e7349df2ebe9e05d63aa,0.6333550513040889,Malicious Tx,0.8893681168556213,1.0,0.9994546083561442,0.008215934885672871,0.02469031499678399,2.9487532628991175e-06
0x395d17328d331d7cdf83097963c3fd8d424d82257d8d6f64618fcc6e1e0065a6,0.3764925923587604,Benign Tx,0.18020372092723846,1.0,0.8923207101554926,0.004920571525683683,0.004415306218229301,5.225469976721797e-06
0x4d3831d7dc2496fbcd644a4c4e38efc0bb8d0f09e6daf2118b94262c573ea708,0.299012624444933,Benign Tx,0.053128745406866074,0.9999999999994909,0.6720692978242548,0.011499956304084251,0.012099550137692539,2.3930606403155252e-05
0x5b00512a78bab3a6055d43207ea514f044b25b06c6e4e54b48befceff2c3ac93,0.41734591337188626,Benign Tx,0.25883904099464417,1.0,0.9633933453619925,0.0,0.034503977889800745,2.101430254697334e-06
0xbad3925d76bcde46021b67bf59599f9655d4529682fb21e0ee1a9d27a388e460,0.5960022728112574,Malicious Tx,0.7727839350700378,0.999999999991692,0.9993803037346275,0.014824811245763106,0.031764336379375445,9.046876584761776e-06
0x51ba177ae85e58133c5910e7c3a5d027d2edfa67d10e5e3874c323b88ecc377a,0.3401969555089803,Benign Tx,0.01913362741470337,1.0,0.9996129062341688,0.0,0.004951840970747794,5.170147119315516e-07
0xcd15358ed1cf3014bb4e88cb1229056cd9a0e81b7d29ede43a4e689e9a97b7a7,0.31381958459576376,Benign Tx,0.018742239102721214,0.9988335275883455,0.8449350072093182,0.0,0.0024960063897763577,7.354674380621873e-07
0xce3cdc7c29eb7dfc565f5d99034789e80c1cd3278adafa26af6f3d21c8412c59,0.5064276479358003,Malicious Tx,0.6423124074935913,0.9977282908346612,0.7315345417278203,0.004920571525683683,0.03209470626730576,2.0823047179874266e-06
0xdc5c56869862f7da6527ec68da9d8e1e04ccc3ca16a6b3ebe8f714432d505245,0.3352201848564288,Benign Tx,0.006187774240970612,0.9998937909339464,0.9990507354413691,0.0,0.0,1.5514219739998225e-06
0xe15fa959627871845f2f5bbfbd7529e6d2aff20ab14ece743f11641700bd7188,0.33953923403207503,Benign Tx,0.004658133257180452,0.9995947802891869,0.9981635370980858,0.013145453798254889,0.032094240853848335,1.5357841220975388e-06
0xfddfb8cbcffb27f9f4564a3a5b0a8adb35bea104afc15d6af49fc004dd7441b0,0.6239041531431064,Malicious Tx,0.8347407579421997,1.0,1.0,0.06764562800685761,0.043146774137770974,0.0001227023167302832
0xe419162da24761275b7b7e9766f3136ddfd9bdb3c4bff13be685197eed11a3ba,0.3218447609818551,Benign Tx,0.033332400023937225,0.9999624537115668,0.8480355152697769,0.0,0.024603664894953657,5.030397915106732e-06
0x2606d459a50ca4920722a111745c2eeced1d8a01ff25ee762e22d5d4b1595739,0.40350688455024764,Benign Tx,0.21052052080631256,0.999999999998799,1.0,0.0,0.0,3.985350929269771e-07
0x108a52c403fe206bafb34ce1880138f22591f82b0f45c6c77de7c8787dc6a834,0.23869226785379533,Benign Tx,2.6528567786954227e-08,1.0,0.43215328899005184,0.0,0.0,3.976133768901491e-07
0x353a710d9a52a919a5d7220211f11e7851cf99f1243373376c8eb2e48a94b396,0.3511330229860482,Benign Tx,0.04473412409424782,0.9999999999999992,0.999999654854673,0.0016450566989223623,0.02434827059283957,2.0250179204595042e-06
0x47da1ac72d488f746865891c9196c1632ae04f018b285b762b2b564ad1d3a9e5,0.36506094878603157,Benign Tx,0.09518260508775711,1.0,1.0,0.0,0.0,7.238110129037523e-07
0x0e655a77d225838499f340f5ad928acb0571b8f0e6f6fde87e0ce5f3856422d0,0.4648465202779322,Benign Tx,0.42277804017066956,0.9999999989065594,0.8964269280901098,0.04110690661292759,0.02946542290542685,7.184197602327913e-05
0x03c73a343b5a481c9431af2f4a2146a0e77522a23e5cca9b2ea024778589967f,0.6922487964829425,Malicious Tx,0.9690527319908142,1.0,1.0,0.3113331671901993,0.011734062329633276,1.3742854207521304e-05
0x91ef02e6a99bf97cf5ff54d7084736f826fb280b1af14819c4d86a63c4145099,0.3940600798993255,Benign Tx,0.18218006193637848,0.9999999999997844,1.0,0.0,0.0,5.332851173989184e-07
0x4eb093c25d111efa1e8b7f6dc32cc47573c4651b6ea2e30d74bf2449c796692f,0.41473316593530746,Benign Tx,0.24419909715652466,0.9999999998168974,1.0,0.0,0.0,1.2022228474961594e-06
0x51988f56315afb8417c48948092fb6c6b1007b52aac98e71b21010ddeafea95c,0.28622756023103724,Benign Tx,9.99999993922529e-09,1.0,0.7173648686040428,0.0,0.0,7.368104206761927e-07
0x9edb3c12cd3d3352ec56c8222aaa51bbec3e47b693deb9ffa3bcd0a0060a420c,0.3272092967650586,Benign Tx,2.8148956943141457e-08,0.9639327133414227,0.9993227034040364,0.0,0.0,4.613204680481431e-07
0xd0c23f115c66a060ffab78c91c6f9085db5af6257a72858b7fd4def6b7735617,0.39314201813064215,Benign Tx,0.17942585051059723,0.9999999997953193,1.0,0.0,0.0,6.119510089774849e-07
0xa17fdb804728f226fcd10e78eae5247abd984e0f03301312315b89cae25aa517,0.3231686122786483,Benign Tx,1.9652618448162684e-06,0.9985559029857416,0.930989084147749,0.014193779726897499,0.0,3.54295167426244e-07
0x9215b87e49fdd5b0e9fd4688f2d315dfdefc73655be529cc68aa3547f8828879,0.7054834576881528,Malicious Tx,0.9992753863334656,1.0,1.0,0.31163904394471836,0.03980685898883408,7.905725942691788e-05
0x83cf8aae6477932bcbde5fde814f8ca40c5acec4db04f5924c8f166401d34985,0.6057218496219877,Malicious Tx,0.652753472328186,1.0,1.0,0.486324960950984,0.006869424932060706,4.1843730286927894e-05
0xe118170da24b23a7b05cffbb830fea48ca8b64bc5a0217322c68c30952004cab,0.7038077127417112,Malicious Tx,0.9445282816886902,1.0,1.0,0.4982027326002974,0.0024784231397247097,3.413869308133144e-06
0x903d88a92cbc0165a7f662305ac1bff97430dbcccaa0fe71e101e18aa9109c92,0.3592975921770037,Benign Tx,0.07789254188537598,1.0,1.0,0.0,0.0,7.039369052108668e-07
0xe4dbeba25b0c0d67f8ecaff5ec7c0a9569ddc10c817ab6815d5bc3dfb22e9ec0,0.3312524644776091,Benign Tx,9.99999993922529e-09,1.0,0.9875144856321926,0.0,0.0,4.249206995154964e-07
0xf336ff5c7465893a87c79ac514abe2e3fac1b3e06cbe185c00ea6af18d4e7a84,0.42057099125040903,Benign Tx,0.26171255111694336,0.9999999994314465,1.0,0.0,0.0,1.268755681849143e-06
0x167c97b5897d11b23a6694f30acb71e8deead771d22fe88aee04ca8696a2bffa,0.31745841129970265,Benign Tx,5.987587883282686e-06,0.999999999112053,0.9047383592371934,0.0,0.0,2.0140980439009581e-07
0xe09d350d8574ac1728ab5797e3aa46841f6c97239940db010943f23ad4acf7ae,0.37847313289817747,Benign Tx,0.1345973014831543,1.0,1.0,0.0,0.0024654832347140066,8.083994202934264e-07
0xe2912b8bf34d561983f2ae95f34e33ecc7792a2905a3e317fcc98052bce66431,0.3869499957686939,Benign Tx,0.16084972023963928,0.9999999999989249,1.0,0.0,0.0,8.012009402591502e-07
0xa6d90abe17d17743a9cecab84bcefb0fd0bbfa0c61bba60fd2f680b0a2f077fe,0.3782023262769622,Benign Tx,0.13460636138916016,0.9999999999942845,1.0,0.0,0.0,1.8523337530496065e-06
0x12fe79f1de8aed0ba947cec4dce5d33368d649903cb45a5d3e915cc459e751fc,0.3222484286666537,Benign Tx,6.044994734111242e-05,0.999996272231559,0.9333731927060221,0.0,0.0,3.1075148854142753e-07
0xe8277ef6ba8611bd12dc5a6e7ca4b984423bc0b3828159f83b466fdcf4fe054f,0.7015266450499074,Malicious Tx,0.9786443710327148,1.0,1.0,0.3070859950397221,0.07066031362974332,6.0383681557141244e-05
0xb3f067618ce54bc26a960b660cfc28f9ea0315e2e9a1a855ede1508eb4017376,0.33360622471288176,Benign Tx,2.2118558263173327e-05,1.0,1.0,0.0,0.002388230798624313,1.435942522221012e-06
0xca1bbf3b320662c89232006f1ec6624b56242850f07e0f1dadbe4f69ba0d6ac3,0.3347041083255006,Benign Tx,2.6858320779865608e-05,1.0,1.0,0.009867286939297493,0.002388230798624313,8.822292443255719e-07
0x9235e0662e230bdfa94f56f4932fd09a95fea17e4b9b44a4f40a59449e216110,0.6593991940383862,Malicious Tx,0.9752305150032043,1.0,1.0,0.001660599941546884,0.00723711489321613,3.486501100269379e-06
0x28a934816ed0371a3fbb2f89986eecf87a22937c40309ff2f58697792215b4da,0.33291817885863123,Benign Tx,3.865738108288497e-06,0.9975290831950893,0.9999719114999535,0.0,0.0,5.204707917982887e-07
0xa245deda8553c6e4c575baff9b50ef35abf4c8f990f8f36897696f896f240e3a,0.46732273248052136,Benign Tx,0.401220440864563,1.0,1.0,0.0,0.0022122327622822293,3.103696872130968e-05
0x242a0fb4fde9de0dc2fd42e8db743cbc197ffa2bf6a036ba0bba303df296408b,0.3338848842103168,Benign Tx,5.704522664018441e-06,1.0,1.0,0.004945095657358594,0.0,1.7486675005784491e-06
0x589e9a809ba14ff30fa22333f2432c364377df9ebf2681b6321aaca3028ff613,0.31390812034756116,Benign Tx,3.5641664908325765e-06,0.8834412814007112,0.9999999999981484,0.0,0.0,4.6853028834448196e-07
0x4d52f0dad3ddb7ac5523c51a75a9acd47b244e536b240d692784305b69ca6ab5,0.32562096134384255,Benign Tx,2.3632559532416053e-05,0.9999999999996498,0.9536780544557915,0.0,0.0,6.72732824114064e-07
0xf356d1b05d26de824baddf1a575a33dcf63e2ecec2a0eaa37b15653b94845b63,0.3194700034197899,Benign Tx,9.356826922157779e-07,0.9738707302534576,0.9429468992763572,0.0,0.0,7.794353109602525e-07
0x92cdcc732eebf47200ea56123716e337f6ef7d5ad714a2295794fdc6031ebb2e,0.25104452765685825,Benign Tx,3.2207990443566814e-06,0.6592090491586182,0.8470514036475236,0.0,0.0,4.0730537875788286e-07
0x2cb7206f1067df3e9e4b9e5d05139c4a907f69e235f3ce0f64e424a874c65d54,0.32722850705077194,Benign Tx,2.4798346203169785e-06,0.963365871911579,0.999999778087187,0.0,0.0,6.489549377874937e-07
0x46c001fb4149c2381196c8e1428d966dc44dd46061f8ecf8383a5363adeee312,0.31669472267781346,Benign Tx,1.2119581924707745e-06,0.9001656629825708,0.9999999913962461,0.0,0.0,3.866575184474641e-07
0x0729eda09a8b5743d7328a717019d51b2a05634d6fe764d5213fd6fb3e303f59,0.22273775277399407,Benign Tx,9.99999993922529e-09,0.40566461813979127,0.9307616608338644,0.0,0.0,3.385770526165288e-07
0x57ff54bda419773a31653fe63dbb00981b6e971b4c2b2b650c2f10b4342f8464,0.3174787162243467,Benign Tx,8.537984399481502e-07,0.9056209000475137,0.9992494527617377,0.0,0.0,3.554099237135233e-07
0x606a49471ebcb608bf034abd982750d626b7eaf45a963118d5aae5baae4a2da2,0.2674778345589737,Benign Tx,3.8918273048693663e-08,0.8804013281851426,0.7244654078547963,0.0,0.0,2.90216036091806e-07
0x047056478cabe20b7c32a85b34f558dd90e7b3235b77d1a4342fdc15b74c910f,0.3414238889249873,Benign Tx,0.031707778573036194,1.0,0.9724487178778924,0.0016633399866932803,0.01735400388429527,1.243917949977913e-06
0x602d810c47a9022b422cf2fa32ec973f887a72df78d40e448d511e82eba5a38a,0.35826039401176657,Benign Tx,0.07478086650371552,1.0,1.0,0.0,0.0,9.465947528042307e-07
0x65a92b189e4ae0b8a8a02cd59c5e9f6832586bd5167d41a24eb4f4d2ac692755,0.3056099566608007,Benign Tx,9.30782152863685e-06,0.9699458307400946,0.860994112589288,0.0016450566989223623,0.0024063313250864324,3.834645383449242e-07
0x728c9bf98fcb1f35dd6551fb7a411e841570d2f73ac408916698cecdcffde36a,0.3332563769274378,Benign Tx,7.053480999275052e-07,0.9995364988074263,0.999999999999998,0.0,0.0,5.280915047478629e-07
0x909f5000636dce99528ab9a14475744e481a6b4e060fc693cf6e0fca48fa7deb,0.33636382147201704,Benign Tx,0.009091122075915337,0.9999999912561239,0.9999998242639444,0.0,0.0,1.3037403050475405e-06
0x96436532daf9d1028117945315c565b310f76a2d94e6d176b1aefe5cb0be9144,0.33326412402801553,Benign Tx,2.1553264062390554e-08,0.99958438076061,1.0,0.0,0.0,4.804514333045518e-07
0x86fe6933f03c14f75167e560e6635a23fab59b268e68c86d60c4d46afe0aeabc,0.30208393619338186,Benign Tx,5.856169877915818e-07,0.8962530181068153,0.9162492455196056,0.0,0.0,2.7344984232513525e-07
0xa67d8a6d59dc258e74a93a22abd26d49d159fb123dbe243d3c5b6b41a499086b,0.33252193990925855,Benign Tx,4.2712969161584624e-07,0.9951566559340714,0.9999739456940631,0.0,0.0,2.7535205049389333e-07
0xd82fe84e63b1aa52e1ce540582ee0895ba4a71ec5e7a632a3faa1aff3e763873,0.358578796175051,Benign Tx,0.07573545724153519,1.0,1.0,0.0,0.0,2.7938508537772577e-06
0xa63052e97b989eecd789b76f670d6a5ed8a72334ce99831a36d7a642b087537f,0.26329703518114833,Benign Tx,7.777143196108227e-08,0.5973848070702431,0.9823969413104974,0.0,0.0,4.607449284321774e-07
0xde084e8c7cdec910d17ad7aeaa24a2973fc8c36add6d83a42de15446ddaaca5d,0.32740975480782325,Benign Tx,1.7133826986537315e-05,0.9999999993956158,0.9597766058867265,0.0049106726860762675,0.002060666007253558,1.451726063805836e-07
0xaa88931369fc09f507c9a02b9ccbc6bec1eca83845745ceb551c1f9fba157c4a,0.4325779943121794,Benign Tx,0.3103448152542114,0.9714508215284237,0.9999993636730913,0.0,0.004991016369816279,1.2088748917449266e-06
0x48164d3adbab78c2cb9876f6e17f88e321097fcd14cadd57556866e4ef3e185d,0.334824720704926,Benign Tx,0.003924414981156588,0.9999999999999993,1.0,0.0016480604010773517,0.0,1.180999788630288e-06
0x491cf8b2a5753fdbf3096b42e0a16bc109b957dc112d6537b1ed306e483d0744,0.39217497635188336,Benign Tx,0.17652474343776703,1.0,1.0,0.0,0.0,5.568536494138243e-07
0x82f47783e8d3029767090ed9a5ac3e2774d04b8fe908c9ca1f959d1b8c6a83a9,0.3482632688897714,Benign Tx,0.04478941857814789,1.0,1.0,0.0,0.0,1.1642734989436576e-06
0x77bb83dd9b25a0af12c0092993ddf1a2f54b77fbcd1dbf1bf33a965ec707268b,0.3794274679428074,Benign Tx,0.138281911611557,1.0,1.0,0.0,0.0,1.4766505955776665e-06
0x636be30e58acce0629b2bf975b5c3133840cd7d41ffc3b903720c528f01c65d9,0.32288133452489426,Benign Tx,7.249605573633744e-07,0.9999999667377962,0.9372863146811274,0.0,0.0,4.1371399106537865e-07
0xbce5b8548db486c561948e8a177c8ccaa72810f972cee3909ea50af015a60ad8,0.3284529111839679,Benign Tx,8.060263212428254e-08,0.9910823724014808,0.9796346894181296,0.0,0.0,3.6611839959732606e-07
0x758efef41e60c0f218682e2fa027c54d8b67029d193dd7277d6a881a24b9a561,0.3333334448846252,Benign Tx,2.565985290914341e-08,1.0,1.0,0.0,0.0,9.269820679946861e-07
0xb569340f147cb6d5722490221ba65950a870aaa4db6ab835b8aa128c5dee36b3,0.3333332165928956,Benign Tx,9.99999993922529e-09,0.9999989425076,0.9999999999999782,0.0,0.0,5.085847760710749e-07
0x2619570088683e6cc3a38d93c3d98899e5783864e15525d5f5810c11189ba6cb,0.41795217825973074,Benign Tx,0.2538563013076782,0.9999999999999978,1.0,0.0,0.0,7.00414545917738e-07
0x42b2ec27c732100dd9037c76da415e10329ea41598de453bb0c0c9ea7ce0d8e5,0.33762355501156677,Benign Tx,0.030243635177612305,0.9999999931015084,0.963610539157276,0.0,0.002464773720449346,5.174626380721747e-07
0x663b55a1ee992603f7636ef23ff5cf19d3b261ab81494d06e218c86482df5342,0.33356759531558405,Benign Tx,0.0007025710074231029,0.9999999975380928,0.9999999999984273,0.0,0.0,6.485132075795264e-07
0x7f78389cdc19c59c402fa9dddabcdbe7b9e6630f124362a764c0826ac863903c,0.33333367162738875,Benign Tx,9.217421279572591e-07,0.9999999999998179,0.9999999998363837,0.0,0.0,2.7966581228611176e-07
0x56e09abb35ff12271fdb38ff8a23e4d4a7396844426a94c4d3af2e8b7a0a2813,0.627511094172289,Malicious Tx,0.8688219785690308,1.0,1.0,0.009861427984285784,0.03125856523879816,1.3918620425101835e-05
0xc27c3ec61c61309c9af35af062a834e0d6914f9352113617400577c0f2b0e9de,0.6883244195958271,Malicious Tx,0.9987993240356445,1.0,1.0,0.16343965018751647,0.03505203819548884,3.0115872505120933e-05
0x39328ea4377a8887d3f6ce91b2f4c6b19a851e2fc5163e2f83bbc2fc136d0c71,0.29663789242598493,Benign Tx,0.0011186090996488929,0.9999857839236332,0.7759419715769532,0.0,0.002493019545273235,5.517387648978911e-07
0x48e69dd7ff3e0c728e818bf26d031f4989d3c3018ec464a18757825634cf7e3c,0.3287057376018999,Benign Tx,1.0341790584789123e-05,0.9998509447685517,0.9723626470304529,0.0,0.0,2.2534683807862166e-07
0x871ce0518bef66595ad5885a07d5699cbc71bffa7f8be732fc2565d087cb78ad,0.3333333779961973,Benign Tx,9.99999993922529e-09,1.0,0.9999999994998613,0.0,0.0,3.879281109675503e-07
0x27ca5fbfb8d6b21c1d90ba8982bd3195bcb62d844b810046d0f38e9814191e1c,0.33281956445988864,Benign Tx,0.014005694538354874,0.9999999999937568,0.9677952951484295,0.0016633399866932803,0.0,2.713823960220907e-06
0x725f0d65340c859e0f64e72ca8260220c526c3e0ccde530004160809f6177940,0.26971533915800194,Benign Tx,1.772896780494193e-07,1.0,0.6182914456489533,0.0,0.0,3.5207955306759686e-07
0x46567c731c4f4f7e27c4ce591f0aebdeb2d9ae1038237a0134de7b13e63d8729,0.6357819729340222,Malicious Tx,0.8187695741653442,1.0,1.0,0.25636655911906153,0.00934583153100896,1.6643260096316226e-05
0x3cdafb178b8c1d48b32d8644b729a387d7cda02186fb3572a0dbb161d7bd082a,0.3341610878662541,Benign Tx,4.443868965608999e-05,1.0,1.0,0.004926943166529978,0.002388230798624313,1.300762164646585e-06
0xd20b3b31a682322eb0698ecd67a6d8a040ccea653ba429ec73e3584fa176ff2b,0.6597346767128972,Malicious Tx,0.9663417935371399,1.0,1.0,0.01970034151911768,0.018823699996945987,6.266828859224916e-05
0x1ae40f26819da4f10bc7c894a2cc507cdb31c29635d31fa90c8f3f240f0327c0,0.33322836455194316,Benign Tx,9.99999993922529e-09,0.99944227500841,0.9999277748368204,0.0,0.0,2.052722152257047e-07
0x900891b4540cac8443d6802a08a7a0562b5320444aa6d8eed19705ea6fb9710b,0.27548448066952635,Benign Tx,2.8501691673454843e-08,1.0,0.6529067014960406,0.0,0.0,1.8827660142051172e-07
0x90db330d9e46609c9d3712b60e64e32e3a4a2f31075674a58dd81181122352f8,0.31197220494585604,Benign Tx,9.99999993922529e-09,0.9969739946330455,0.8748589146687639,0.0,0.0,4.805334583579679e-07
0x3d154d67c1565920bb156abd92cd06d2b348233676bb922b3f4a5097639ef744,0.33510893063292496,Benign Tx,0.0020431692246347666,1.0,1.0,0.009849398575591433,0.0,1.4694468291054363e-06
0x9fe5ea5b2cb2e93cb0d85ebfd7b5825442f894b85518e8d61877ae371fa31016,0.33536932734075736,Benign Tx,6.896197010064498e-05,1.0,1.0,0.01811055717935686,0.0,6.502977157651912e-06
0x085c0170a156a7f354f56eb6817db667dd07464df56dbf377f188cb2488cb3d8,0.3333211038706204,Benign Tx,2.7884448172699194e-07,0.9999258977946202,0.9999999276624335,0.0,0.0,3.601165587951982e-07
0xa0dcf9b177702c58c5d0353aff2caeab12589bce204fb2d0e62ccbf5717f1798,0.3578386637228058,Benign Tx,0.11082185804843903,0.999999750700505,0.8635508605692879,0.05591683825350297,0.03682912405469991,1.0520147043280303e-05
0x31851d894249339d2d9319141e37219b3e03a99f8b483d47758c1e5ea143cca4,0.34124947974190983,Benign Tx,0.025582587346434593,1.0,0.9933335006112582,0.0,0.004479799223543919,1.7505497453385033e-05
0x4a669edc261091ab46cb430dba1c958be8894902dc08d6febb36f509182adc1d,0.30524689488074735,Benign Tx,7.728733180556446e-05,0.9375721739552231,0.8920957780416275,0.0,0.002487397187582914,8.667484507896006e-07
0x213991ca681019f599f8f52a25ab6a5e39e690eac2ad206faf24f0c549e844c7,0.7012929550533002,Malicious Tx,0.9980771541595459,1.0,1.0,0.27521129414286544,0.042192342760902106,1.4960972976041376e-06
0x638a34cf0d0dc4da94c057f51e2a930f45eabb3535634b893815bfe547ee9d45,0.3759059560575596,Benign Tx,0.12386438995599747,0.999999990607672,0.9996449865379748,0.0,0.012090538292431442,2.430639142403379e-06
0x9ceb4698eb09e93d232e10557c3932e1e74b5d8e78170b5034512aa0a8135970,0.3293648993562278,Benign Tx,9.99999993922529e-09,0.9999999945193239,0.9761891426519925,0.0,0.0,3.8759787912567845e-07
0x2bb6d2ca3b52a01ff9ec01c931f68762ded9a05693ea65d911a20602eea02763,0.3259630586050114,Benign Tx,6.357909296639264e-05,0.9556509815233385,0.9999999958305597,0.0,0.0,3.2413535677733307e-07
0x6c3cf48e9c8b22f60fc2b702b03f93926ee8624639b100fe851b757947e61759,0.32819479781114075,Benign Tx,1.8527593681483268e-08,0.9999999996067237,0.9691686491773337,0.0,0.0,1.515413998731674e-07
0x44037ffc0993327176975e08789b71c1058318f48ddeff25890a577d6555b6ba,0.30287755551861223,Benign Tx,4.1580069591873325e-06,0.9822825183631188,0.834974269859878,0.0,0.0,3.4331213782934356e-07
0xf1cdc6430a3b6fa0c64c552d47b2b87ee2eac1b80b586f933aa679e76653e526,0.6470867606595018,Malicious Tx,0.8324642181396484,1.0,1.0,0.3189228878746924,0.007461459582941067,3.844058937829686e-06
0x7b67e39cd253724372d67da78221a38eca98d2a6b69027a89010bca2101dd02a,0.540034849139688,Malicious Tx,0.5121257305145264,1.0,1.0,0.31896430223251976,0.004928437168919962,4.3711312173400074e-05
0x1aaa35712784713d9ef40bf4848132cc031ce04611d7837649a7f0bf3e03bbf5,0.7058783566999964,Malicious Tx,0.9884649515151978,1.0,1.0,0.371047405108891,0.016442123091302864,2.08275541808689e-05
0x14ae447e0dce7cc6e5a0256a91cc16e1a85104f96590ff23fc72c58b57165162,0.3395501279144183,Benign Tx,1.109934692067327e-05,1.0,1.0,0.05591733075194039,0.0,5.224370625001029e-07
0x1a595d10be428e49dd3558859743fe4bc4570545a55d357f405bd630061c6be0,0.3378669083979528,Benign Tx,4.28098464908544e-05,1.0,1.0,0.04067151129061141,0.0,2.2347514914144995e-06
0x45bf5d11f27e0ac56f893d45bf5b02fb0f0e9d5e0d2e7af60f2a01c40e3c761d,0.3340662075717757,Benign Tx,5.062759100837866e-08,1.0,1.0,0.0065919412519716255,0.0,3.775011236939463e-06
0x2bda71f5b6c6a22a8d74bfd96fb7a9f5b820c707120b2a43f1698b3603767e7a,0.33370380145233236,Benign Tx,1.884011726360768e-05,1.0,1.0,0.0032773041612931242,0.0,3.8855790762681863e-07
0x45d93aa6b24ac2c6606d81ecae3d8ec5609772cfab3839661d3ae7319e3763b4,0.33498508797880255,Benign Tx,2.282588638991001e-06,1.0,1.0,0.014828541279792481,0.0,3.0402763513848186e-05
0x61092c396208c4c74430967e6061e9031ef80adcbb4cf64e58598a9e6b608302,0.6426574702871983,Malicious Tx,0.8896211385726929,1.0,1.0,0.11035293395722749,0.004679826306334134,2.10566031455528e-05
0x5e989304b1fb61ea0652db4d0f9476b8882f27191c1f1d2841f8977cb8c5284c,0.3337013256129806,Benign Tx,9.948863066711056e-08,1.0,1.0,0.0033093233532028614,0.0,2.308697730768472e-06
0x9ac08d865feefeb644d34533fe59fbf144e55fa2def302ede1e966a6b8ab025a,0.7008721755494519,Malicious Tx,0.9691441059112549,1.0,1.0,0.3907653766612738,0.009639207408526772,1.2678141501965001e-05
0xa194eb8e4cfb8e25a01f15d8ef98c49998b89d336f99a3de5108bd57c580fd02,0.6729467611506277,Malicious Tx,0.9162110090255737,1.0,1.0,0.29380212971625214,0.014061514635115796,2.417892756056972e-05
0xa8289dbe3e49e9c5decaabd3777d9ad60a7b06863539b4948dd17e58a65f3e15,0.3442841963268599,Benign Tx,0.0005005137645639479,1.0,1.0,0.09703930642724966,0.0,1.691922079771757e-05
0xa64b650d1f3fbdbc6cabe439caf3bd9d375f45b02f5cba77f24285b300017692,0.5593983192172489,Malicious Tx,0.5745447874069214,1.0,1.0,0.3036400526752627,0.007299762835350214,1.069522386387689e-05
0x6506f43d8bdf16c391b5f24d47f5efb3822f8c6710e40f6c1297839e1ebe66c0,0.3287555641927296,Benign Tx,9.99999993922529e-09,1.0,0.972533193355114,0.0,0.0,2.876696214570984e-07
0xbffcf01e5aef5d5fc82f9ab7bf78110e3479dffc8f4dc503f663c6b47b9992a4,0.6860786060775012,Malicious Tx,0.9436905980110168,1.0,1.0,0.33232717972933445,0.011282758025712854,2.5722909413161688e-05
0x25800d105db4f21908d646a7a3db849343737c5fba0bc5701f782bf0e75217c9,0.3968789787545321,Benign Tx,0.19063667953014374,0.9999999999999997,1.0,0.0,0.0,7.702003586018691e-07
0x46deef0f52e3a983b67abf4714448a41dd7ffd6d32d32da69d62081c68ad7882,0.33479526241988766,Benign Tx,0.003014400601387024,1.0,1.0,0.0016480604010773517,0.0024654832347140066,6.16339036696445e-07
0xd9870068e40f8d7c4d58b87802c4fc830acbd90ff3e44460747c3a0727dfd3df,0.5341489512127569,Malicious Tx,0.5474933981895447,1.0,1.0,0.12871604837016198,0.03603903166791802,0.00010528630809858441
0xb61413c495fdad6114a7aa863a00b2e3c28945979a10885b12b30316ea9f072c,0.35781373637365277,Benign Tx,0.07206981629133224,0.9999999999419296,1.0,0.0016480604010773517,0.0024654832347140066,6.349401928673615e-07
0x847b8403e8a4816a4de1e63db321705cdb6f998fb01ab58f653b863fda988647,0.4070938420837946,Benign Tx,0.22128133475780487,1.0,1.0,0.0,0.0,5.74480736759142e-07
0xa284a1bc4c7e0379c924c73fcea1067068635507254b03ebbbd3f4e222c1fae0,0.35594323606872214,Benign Tx,0.06782954931259155,1.0,1.0,0.0,0.0,4.7668072511442006e-07
0x260d5eb9151c565efda80466de2e7eee9c6bd4973d54ff68c8e045a26f62ea73,0.3515535832813647,Benign Tx,0.054666560143232346,0.9999877367524981,0.9999999948125116,0.0,0.0,9.717550710774958e-07
0xbcf316f5835362b7f1586215173cc8b294f5499c60c029a3de6318bf25ca7b20,0.3984087673510051,Benign Tx,0.19522590935230255,1.0,1.0,0.0,0.0,1.1781021385104395e-06
0xacf84c5944f662a4fcf783806993d713a150994932008e72e4e47a58d6665f7f,0.3190604575389709,Benign Tx,9.99999993922529e-09,0.9999538685329578,0.914408576879809,0.0,0.0,4.2936039790220093e-07
0x444854ee7e7570f146b64aa8a557ede82f326232e793873f0bbd04275fa7e54c,0.7302927866669279,Malicious Tx,0.9967654943466187,1.0,1.0,0.5135107700842397,0.06880700643450413,2.082044375129044e-05
0xecb31ff694c0e6c5e5b225c261854c0749ecf5d53c698fcda61f2d8e3db8f9fc,0.3330118126719614,Benign Tx,5.441333541966742e-06,0.9980597499995534,0.9999999999999998,0.0,0.0,3.650476969596639e-07
0xc3f70057e261af554c6acf6a372389899f0c2d7d1ebd27311e39525dee88fb39,0.332734773308709,Benign Tx,0.0002804082178045064,0.9958475555074953,0.9999999997989601,0.0,0.0,4.0216528418568487e-07
0x04975648e0db631b0620759ca934861830472678dae82b4bed493f1e1e3ed03a,0.27010146086396436,Benign Tx,2.5534536689519882e-06,1.0,0.6206035541159234,0.0,0.0,1.5624078741893754e-07
0x62734ce80311e64630a009dd101a967ea0a9c012fabbfce8eac90f0f4ca090d6,0.3326742319191239,Benign Tx,9.99999993922529e-09,0.9999999999999549,0.9960451327503447,0.0,0.0,3.8411127434301306e-07
0x3947e5a4d98104e313e08ee321673e1183db3d6ff8b7207f3eabb36f71436c1d,0.24141655842145512,Benign Tx,9.99999993922529e-09,0.9999911334281644,0.44850802312093563,0.0,0.0,2.9074985263832787e-07
0x74bc4d5dc7f8da468788da6087bb9f73465966ab5b8cf9cf1053d98e78a9bf96,0.3225009751060398,Benign Tx,9.99999993922529e-09,0.9728905223427564,0.9621150995264242,0.0,0.0,3.4305489293728897e-07
0xb0688eb1f46c28f36d7397366146fced23d3f8da7e08b760a5f612ce134ee9d2,0.3333333775196167,Benign Tx,3.8721545081443765e-08,0.9999999999999998,1.0,0.0,0.0,2.815119160004542e-07
0xb5c94efa0c8fd8f5c8cc2826e374a99620b01061d395b59b8f45dddc9fce1c60,0.3299463554381389,Benign Tx,9.99999993922529e-09,1.0,0.9796779059035736,0.0,0.0,3.399278227789182e-07
0xc69b4c8029c70ae468e92af31120ac6b01bb89c6e35d34818413e9942aedebb6,0.33287878491928763,Benign Tx,9.99999993922529e-09,1.0,0.9972725433119557,0.0,0.0,2.4280669208565087e-07
0x9ce5187c7160f531189e4765f21af5975dc2a62d961fb61ae09866d082918256,0.3211763725595008,Benign Tx,9.99999993922529e-09,1.0,0.9270578920966372,0.0,0.0,5.138922460901085e-07
0xb16bbf03d324b66685c94d62dbe31c739ee23c114b3915d169c74cd7c98eec8c,0.2979147660196808,Benign Tx,9.99999993922529e-09,0.9372067637094681,0.8502816776641969,0.0,0.0,2.3206723653856898e-07
0xefcb740bf9ec17ed99839ffcc05393fae5ec2d44149aee91ba119f48bc20a1ef,0.25216490460705193,Benign Tx,5.972515282337554e-07,0.999999999999997,0.5129881534575179,0.0,0.0,1.1952261047554202e-07
0x33bf669d125d11c432ac9b52b9d56161101c072fd8b0ac2aa390f5760fb50ca4,0.348009269413069,Benign Tx,0.044027719646692276,1.0,1.0,0.0,0.0,2.6577754397294484e-07
0xb2335f7bf58abbcaa006d0a2bed7db2c64a5dabed56fb1759260adc012c49abe,0.3422969535151882,Benign Tx,0.026341188699007034,0.9999999999998435,1.0,0.0016480604010773517,0.0,9.551388302497799e-07
0xbcb1e5f7e432cf899af665b3c9f87e24337d3570e68fa7e211c962eadd83ea60,0.3336106233647295,Benign Tx,8.774867637839634e-06,0.9999999999983908,0.9999999185170312,0.0,0.002469162898906971,2.450076124205225e-07
0xa05f047ddfdad9126624c4496b5d4a59f961ee7c091e7b4e38cee86f1335736f,0.33333344850768337,Benign Tx,1.8094157283599088e-08,1.0,1.0,0.0,0.0,9.822866786635132e-07
0x5ce2cf51f0e6e099c33eabb84561cb01a1acb2c9fc26c5388cedec0e4292ce99,0.3213538075969892,Benign Tx,9.99999993922529e-09,0.9283778427436615,0.9997447359577422,0.0,0.0,4.0017238234213437e-07
0x4858abc51876e1de9f506f34799d4f1852b4255f467b9e1f40951c631ddfa747,0.3057419251062175,Benign Tx,7.6079281825514045e-06,0.9999999985148638,0.8344362344499916,0.0,0.0,1.527241266785495e-07
0x4f43fc6d674e85f7d306debb4a3d48e7688c2fe5a6332dd9ad57558a15c86ef9,0.3333333512139144,Benign Tx,3.4152353833860616e-08,0.9999998016551886,0.9999999999356012,0.0,0.0,3.5608198345471465e-07
0x691c8070749f00a5a5be3135d3912ff97d0dad05a0fb2b77b235aaa13260f002,0.32191736891171546,Benign Tx,8.486873070978618e-07,0.9949789270090075,0.9365232398869765,0.0,0.0,5.237995424067776e-07
0x1f15a193db3f44713d56c4be6679b194f78c2bcdd2ced5b0c7495b7406f5e87a,0.23279218418491512,Benign Tx,1.8882323615798668e-07,0.9999999999999982,0.39675252877069606,0.0,0.0,2.9803848633491725e-07
0x57ee419a001d85085478d04dd2a73daa91175b1d7c11d8a8fb5622c56fd1fa69,0.3333335836998729,Benign Tx,9.99999993922529e-09,1.0,1.0,0.0,0.0,2.248917553515639e-06
0x161a4e9bd777c81af4b2f2c4062281bf25ce460b9b04fbea83f09fba270c8b3b,0.3311063250591145,Benign Tx,1.1762284657379496e-06,1.0,0.9866354380309834,0.0,0.0,2.3980015839697444e-07
0xfd89cdd0be468a564dd525b222b728386d7c6780cf7b2f90d2b54493be09f64d,0.33536331093574834,Benign Tx,0.0060896603390574455,0.9999999999999676,1.0,0.0,0.0,8.174046115527744e-07
0xffbbd492e0605a8bb6d490c3cd879e87ff60862b0684160d08fd5711e7a872d3,0.29183639343390105,Benign Tx,9.99999993922529e-09,0.9126208322142069,0.8383973234121699,0.0,0.0,2.9200975859566825e-07
0xeff836fa1ce60f04b94544fa424764101323f1f7c8ab8265b4bd34e9fa84f8db,0.6652957024819744,Malicious Tx,0.9872487187385559,1.0,1.0,0.016406743269402866,0.009467715037639924,4.070781506015919e-05
0x5488f6bbfabf7f1ada8e529c23dfc1fd129b4237536e9b5500b47d63f773e054,0.2896305919179674,Benign Tx,4.355091220986651e-08,0.9999999999999979,0.7377831762424388,0.0,0.0,4.3224531509622466e-07
0x3b7115ec64ff17781478c36ac5972331367f43aee1678dc20e4afe8608a813f6,0.3660109917801687,Benign Tx,0.09803284704685211,0.9999999999999996,1.0,0.0,0.0,3.8488096265609784e-07
0x354e1d2b418fe303d66a1eaab66d15535616042c35305c2464983e5c92645da7,0.34067965062219263,Benign Tx,0.022038757801055908,0.9999999999966263,0.9999999996429221,0.0,0.0,5.827372433486744e-07
0xff8e9226091d513fc936ecc670030eba03f34dbe60cd012122bd18be44248d32,0.3287713841992024,Benign Tx,2.3441431039827876e-05,0.9725813078070153,0.999999844814651,0.0,0.0,4.045672028496483e-07
0x44e7e2003f721929fdb58f50e673fa29496693b80d60fad494fe2322f007c0fd,0.3629830047408467,Benign Tx,0.08894884586334229,1.0,1.0,0.0,0.0,5.050775939707819e-07
0x5ce62b807b7c8c55cd7f1df4596a2d7fdd19cea012b3d1506a159902fa01c219,0.38665669270688513,Benign Tx,0.159969761967659,1.0,1.0,0.0,0.0,9.484589895691897e-07
0x8d2ad51b548d1adf7500f4feb3ac874484d6d2ac9e71b1a13481cdef2e23f788,0.35692207013593896,Benign Tx,0.07064920663833618,0.9985907997567407,0.9999992290307473,0.0,0.0024654832347140066,4.84892495933309e-07
0xfdb93e00f3b1d24303db7f43eaa5ef50d3fde957ddeec7c0feb8c5497ba11182,0.4170603182904023,Benign Tx,0.2511807978153229,1.0,1.0,0.0,0.0,4.7116765244936687e-07
0xd813751bfb98a51912b8394b5856ae4515be6a9c6e5583e06b41d9255ba6e3c1,0.4248769497672305,Benign Tx,0.2746305465698242,1.0,1.0,0.0,0.0,9.081956022782833e-07
0x9099c84152dbdc72d84affb257b51b5bc67e349fb4beb67c41e1a37491f3ed24,0.34031099010445304,Benign Tx,0.02011105976998806,0.9999999271784701,0.9999999999999786,0.0,0.0024654832347140066,3.576277265437966e-07
0x040d78d3e759148121e85ebe164c45720187c554b06d27c16af05b886280723a,0.40255259503962276,Benign Tx,0.20600348711013794,1.0,1.0,0.0,0.004961489624490365,1.4044017007108778e-06
0x030a236d9583c2c1e737330bb23bfb622108d727ee1f4f902e94e174f68a9a25,0.4019743657425907,Benign Tx,0.20592255890369415,1.0,1.0,0.0,0.0,1.6149722341651795e-06
0x03e1fbe70dea5bf81e8785078c88fa9dff335bd0fe878467419c768d7690a754,0.38121017258049505,Benign Tx,0.14362995326519012,1.0,1.0,0.0,0.0,1.6934288851189194e-06
0x041877b765c0b93ebf58d187201d445be81fa12f6650ed981e36fefaa0596d05,0.4242417090005877,Benign Tx,0.2727247178554535,1.0,1.0,0.0,0.0,1.227438929163327e-06
0x0740582f62f99bc7aa6fc6d766d8f28ad696c53fa7663c47cf1546a66b4dd2e0,0.429402928527035,Benign Tx,0.28820836544036865,1.0,1.0,0.0,0.0,1.260422209270473e-06
0x05e48cbc7dcfb2a520aec53dae5fab1ecbab9c60e3095ed729b66aa0e2a6546f,0.4104545321745516,Benign Tx,0.23136287927627563,1.0,1.0,0.0,0.0,2.1517421373573598e-06
0x090af78d681a440f025fea93fdde86690c92de82d5eba6ecb45939337f16ab41,0.40210185558151296,Benign Tx,0.20548343658447266,0.9999999999962237,1.0,0.0,0.0024654832347140066,9.07251148873911e-07
0x09eca40c8781655452f131f74662deb0a5d263b5b2e782bb4d3226782cdaaaf5,0.3729543606055977,Benign Tx,0.11886290460824966,1.0,1.0,0.0,0.0,5.316256306286959e-07
0x08136799c9f7f15e4f76b4a764519e264e7c6e8e1abccc3fbc2dfbb8d27e4b9c,0.352845322350346,Benign Tx,0.058535780757665634,1.0,1.0,0.0,0.0,5.588801172962121e-07
0x0a08edc9e50b8212b0dcf831627b768a12b5e1ca573762e770fd3ba115ee85b2,0.43177393388062196,Benign Tx,0.29366710782051086,1.0,1.0,0.0,0.004961489624490365,2.591839574961341e-06
0x0908bb9ec2d9d0ee84d5c489eac6f1d890ec3d3843fe79457c4a01c9570fd5f4,0.43758772711570115,Benign Tx,0.311930775642395,1.0,1.0,0.0,0.002496006389776358,1.2107243492209818e-06
0x0e6ed92a0a615ea28ec2941b872a021bb657e8f44d1a681869e76fe3415e2be8,0.4395163743089686,Benign Tx,0.3160628378391266,1.0,1.0,0.0,0.007456499604530285,2.3556588075734908e-06
0x13c60df2f2c4c993c5dfc43d8122ed6ab456efed2ef2a30b4221e04aa87b3b5d,0.35342745818509125,Benign Tx,0.05973287671804428,1.0,0.9999999999999984,0.0016480604010773517,0.0,4.331106140398333e-07
0x13aba80ce0a19b0b8bc9072291d9987eb29eedc7a7c72b67e6b62d1a02c8b9d0,0.4728946574196866,Benign Tx,0.41702964901924133,1.0,1.0,0.0,0.004961489624490365,1.4800949657001183e-06
0x170e2e59cc21effb443a9de63e851ace24dfc8628bf85183890f031d0f8ace07,0.36607857532883403,Benign Tx,0.09768597781658173,0.9999999988553354,1.0,0.0016480604010773517,0.0,1.185825681204733e-06
0x15135e63a46fc498d97a1f22613aa90dcbc991a18be9bf925c3158e748f33c1e,0.4392227266685197,Benign Tx,0.3168456256389618,1.0,1.0,0.0,0.0024654832347140066,2.1798650777782314e-06
0x168717b758b824b803263e35edc3c4bf2bc82aa3a69497281fb5bcf25c525852,0.419389670997993,Benign Tx,0.2581685185432434,1.0,1.0,0.0,0.0,1.4833522072876804e-06
0x1d1e122bec209f6cd60600ef5b4b7ff1d20b7eb8add76be16f3a306bde008d2c,0.3481888112846276,Benign Tx,0.04456615447998047,1.0,1.0,0.0,0.0,8.381217071473657e-07
0x257b3a660ac84a459dc928b488172c356c062391afc89c29b6ecbbb4ccaff69b,0.4467709030277766,Benign Tx,0.33865848183631897,0.9999999999999999,1.0,0.0,0.004961489624490365,1.1921165423700586e-06
0x203542be4a32b64f4be02d1f6d83d57e46dc6d06fe16e0b19cb09d86b2c592a6,0.3400486901569275,Benign Tx,0.01959795504808426,0.9999999998493021,0.9999973248032935,0.0016480604010773517,0.0,2.9888812491662975e-07
0x1e25a08361548aecb15d7a5f0d415d33d2d1ee3b3785d32b7db701de2367332c,0.4186424723011354,Benign Tx,0.2537239193916321,0.9999999999999982,1.0,0.0016480604010773517,0.004961489624490365,9.425097573512176e-07
0x27fb2dc4add95d8480ca5a038d6235b285e40121e0cc83170c63c47e988a5d19,0.33600562951190854,Benign Tx,0.008016785606741905,1.0,1.0,0.0,0.0,3.087869515638886e-07
0x26e38e2bbadafcc8c2e3d193890d36d73b4397c1eccfad3a622d251cfe1dd550,0.42930773948647355,Benign Tx,0.2862688899040222,1.0,1.0,0.0,0.004961489624490365,1.4960417047404917e-06
0x23233be812a0ad434d7d1044c1c8913753076ed5222668af4b48769befed5bff,0.428495342452698,Benign Tx,0.2846634089946747,1.0,1.0,0.0,0.0024654832347140066,2.371855543970014e-06
0x2833f8c6a03667987d7ff4188924263c540a4ce832bf80ae8ca3c4b7d001bd22,0.3773065403909186,Benign Tx,0.1319190412759781,1.0,1.0,0.0,0.0,1.7396903331245994e-06
0x2bea622b7df53746f8788055f451905f95acfb208fae35f5c31317c18943bd23,0.39426054212892975,Benign Tx,0.1827809065580368,1.0,1.0,0.0,0.0,2.159486257369281e-06
0x2956d9ce4e7a7141d03357e25db9be859ec565c59a10e08a5aee398841b5e2f1,0.377803718926518,Benign Tx,0.13341036438941956,1.0,1.0,0.0,0.0,2.3771704036334995e-06
0x2bb11346ee785442bd6a48848ed198e896154bba6a8e3341e185a3d6e02af14b,0.3631594476074828,Benign Tx,0.08732184022665024,0.9999999999999525,0.9999999999999998,0.0016480604010773517,0.004820714989518692,7.323968702621642e-07
0x2d3ce93b5ae0d651d1f307b0215d6b550087b84377a471439d80139712ca78fb,0.3978751134006652,Benign Tx,0.19225366413593292,0.999999999997343,1.0,0.0016480604010773517,0.0024654832347140066,1.4845663827145472e-06
0x2e766cb5ec76bad7995bc1fe6d3776b32d2a9a773d37b60f8ca7000237c3193c,0.427123047897194,Benign Tx,0.2805366814136505,1.0,1.0,0.0,0.002496006389776358,1.3804440186504507e-06
0x2fb4e6a1e219e476f5f61d34984bf139c3dad47137fc2edc4a656453104c8378,0.36700301511370115,Benign Tx,0.100459523499012,0.9999999999535594,0.9999999999998079,0.0016480604010773517,0.0,5.05195146160986e-07
0x2f9e9f4a0ea7f59117b767254f76912518b8c25c717b79af5e4c64c5272e26f7,0.3611166419439664,Benign Tx,0.08280041813850403,0.9999999999096201,0.9999999999498994,0.0016480604010773517,0.0,4.628898295777617e-07
0x2dd7950f238c1bb434a79001173444ff6b7bada88b42ab2d15ce3c823688740b,0.40330056873416703,Benign Tx,0.20911608636379242,1.0,1.0,0.0,0.0023552317548046855,1.627761321287835e-06
0x3082caab9e1c6585a9940633372de427efc031db28b233a8f33bb45d18aab0be,0.3900591119599741,Benign Tx,0.17017678916454315,1.0,1.0,0.0,0.0,1.6401461380155524e-06
0x3115350a33303571a268df3c2743e452480e74ba3e63c1dbde4d7901419014d6,0.3515988320909097,Benign Tx,0.05479612573981285,1.0,1.0,0.0,0.0,1.1115987490484258e-06
0x31a05a0200e7cedc337ed07194b55a4cd1735fc1a8a07236e92f2b17d7ee9967,0.40404702868913317,Benign Tx,0.21131864190101624,1.0,1.0,0.0,0.0024654832347140066,1.8492644358047983e-06
0x32fe04263c58e083724ffa8fc6c5fab22e2e8f7777547b7a1b8a82b53dcb03f2,0.4236049344058721,Benign Tx,0.2694433033466339,0.9999999999999998,1.0,0.0016480604010773517,0.0024654832347140066,9.55977156991139e-07
0x322f896e32959d4ab038c87b432067bd2bdf39a99295fe45a4c112fe489eb27f,0.4172446283492653,Benign Tx,0.25036245584487915,0.9999999999999889,1.0,0.0016480604010773517,0.0024654832347140066,7.439729756697488e-07
0x337a95499b4bae1c8ec17173859652fc45bffaff34bc383aa8bac888e882522f,0.43665616001259705,Benign Tx,0.3074824810028076,1.0,1.0,0.0,0.007456499604530285,1.4975004205552978e-06
0x34645db04d7836db13a0a103c7a6322b26ab32b82c6e98578ba15ad520fb510b,0.3911456463498047,Benign Tx,0.17343655228614807,1.0,1.0,0.0,0.0,1.1602897984630545e-06
0x35d88faa10e96d1b30b150b06371b1160902d7f5dd03ac5e50b3e133cfa6292d,0.39336411159155893,Benign Tx,0.17872075736522675,0.9999999999999023,1.0,0.0016480604010773517,0.0024654832347140066,1.1885927051480394e-06
0x3a781eea01243b83cda599959a102f87012492c58532baf1d0e9332741171802,0.42324925594726265,Benign Tx,0.2680938243865967,1.0,1.0,0.0,0.004960493214753927,1.3371508202908444e-06
0x47b3ce9b32a4667d6fbb28d9dc67659c0efa73450adcb0e2629db16f61f201c7,0.4349632928160359,Benign Tx,0.3032352924346924,1.0,1.0,0.0,0.004961489624490365,2.268415755679598e-06
0x4794cb1578bb9a4f8a0cde0c245b1dced539d3298eea447caa9a9aed5d346e3b,0.40953705183798134,Benign Tx,0.2272392362356186,1.0,1.0,0.0016480604010773517,0.0024654832347140066,2.2141991848911857e-06
0x47ce6ed2359daea3ff236c9395fc7045cb4d0af6eb33436ed8bc6373c38bcfd8,0.38549462031549453,Benign Tx,0.15593422949314117,1.0,1.0,0.0016480604010773517,0.0,8.33958949897351e-07
0x47dc96a2e1d35bd1ab5d6e4163981a46a2c30e3f8a1e64b99b22e920bd82b50a,0.3493726085678385,Benign Tx,0.04756838083267212,1.0,0.9999999953487642,0.0016480604010773517,0.0,2.8118830641687964e-07
0x471478a8826ffa81b6593fa64d42e593b979c8bb3ec606ca9cb4a83fb6781293,0.37366683231957093,Benign Tx,0.11962903290987015,0.9999999999821452,0.9999999999999961,0.0016480604010773517,0.0024654832347140066,8.485375246891635e-07
0x3e7fd4c7ac1d2d5f55ac0b91a99cbd5729a29816b1bbdf162ac4cac05431d9a6,0.42142907191384893,Benign Tx,0.26428675651550293,1.0,1.0,0.0,0.0,1.3776781315755215e-06
0x4e1cb8892f6aaafbc986c8685b4466b768c4828f1b7fb52e71c303a670f2c91b,0.4012709977217178,Benign Tx,0.2038125842809677,1.0,1.0,0.0,0.0,1.2266525573068066e-06
0x4d4bd356ca46cbb795c6ef457124f7b1a204e5cffad25127fdccdf1ca88f6775,0.4011764978304419,Benign Tx,0.2018750011920929,1.0,1.0,0.0,0.004961489624490365,1.9872732082149014e-06
0x4b0bad7cf226c1593391d4414dee5e06941c163563bd3ecd555a2dbda715895b,0.355581716236921,Benign Tx,0.06619567424058914,0.999999999993789,0.9999999999999272,0.0016480604010773517,0.0,3.6301887007539335e-07
0x4e3acc8e4412731b28c580e958f1b90203eecbf9ce25009ce6ef729946d02e3d,0.450640708376669,Benign Tx,0.35192179679870605,0.9999999999999996,1.0,0.0,0.0,9.84993903330178e-07
0x4c4c984e6375da3306bf7094fc0df9cf3dd27e6159d68808db1d43fbc1ea54b5,0.359247903834561,Benign Tx,0.07637229561805725,0.9999999983982821,0.9999999999859599,0.0016480604010773517,0.0024654832347140066,7.06444723164168e-07
0x50d7145b0f67c44ef34ee96dd410430e20c8674a57d6ec898feb47942dc9e63d,0.406248906705716,Benign Tx,0.21874623000621796,1.0,1.0,0.0,0.0,1.4703327906318009e-06
0x50105bd1a13d59bbf525ab2fb6feead5693ea485da55994719319272d9a2ea11,0.4291663583469324,Benign Tx,0.2852953374385834,1.0,1.0,0.0016480604010773517,0.004961489624490365,1.6627810737190885e-06
0x4f27d420d5b5e95db1e5e960ede8c172237bc37be742c95b8a5846b1b745b260,0.46486190861260307,Benign Tx,0.393753319978714,1.0,1.0,0.0,0.002496006389776358,1.2111875093978597e-06
0x55deeef401fa86ee49be3c47d582edae9444e812a57d4ab68881e12a7caa2fad,0.36959129140100483,Benign Tx,0.10877332836389542,1.0,1.0,0.0,0.0,1.6375173572669155e-06
0x51ee3e4ff238c359b467758fea4742771e3dfefe45e5e04b0f60c0320aca1477,0.3763369810765702,Benign Tx,0.12846112251281738,0.999999999999992,1.0,0.0016480604010773517,0.0,1.401749614160508e-06
0x54ce28f1b7bcc04b72675971306e2985d38c3e7ff0c55a5fb5441225cdb7fad6,0.38917365823458105,Benign Tx,0.16669845581054688,1.0,1.0,0.0,0.0024654832347140066,2.0734448753501056e-06
0x59e34349ec6bd50eb3a00fc384c5841fc3df68602a38b23369f23adfabc19e26,0.4135957601499204,Benign Tx,0.23996488749980927,0.9999999999999636,1.0,0.0,0.0024654832347140066,1.6956151966951438e-06
0x5d713bf561a0715fe786cd6357dc207cde940ce88879a92905c48f5698cf5825,0.4011110326719568,Benign Tx,0.203332781791687,1.0,1.0,0.0,0.0,9.486725502938498e-07
0x5bfe0edb5efd24da5ade8ae63276192b1a318fd50522712e01a3a69c7c042537,0.3600225442046283,Benign Tx,0.07951810210943222,0.9999999996786852,1.0,0.0016480604010773517,0.0,5.315942530614848e-07
0x5f23c0e8ff52f2ebfdf753e3c1101fa0634268a5f19ed6d4bee1810ca6121231,0.46438342031833213,Benign Tx,0.39231792092323303,0.9999999999999999,1.0,0.0,0.002496006389776358,1.0137055141967721e-06
0x5fc379c6f5611faafe3a023fd638460506511fad14181de5637221b6f02e0627,0.4442914083833439,Benign Tx,0.3312099277973175,1.0,1.0,0.0,0.004991016369816278,1.8756883264359203e-06
0x6331af88102f1f66f514f8078dc90d0247f99ca1a3e001c2c81c50745e807f6e,0.39013686567750483,Benign Tx,0.17040997743606567,1.0,1.0,0.0,0.0,1.8587893464427907e-06
0x6869927dc8b992aca41b5a2539b79644dbca2431c120727df232026555565e37,0.40551307911427,Benign Tx,0.21653850376605988,1.0,1.0,0.0,0.0,2.200730250478955e-06
0x680111b4a983f566d7c75c9f777e5642d5fe34e1c4e6e05a0a0665167beb8b6b,0.3712482738858082,Benign Tx,0.11374450474977493,1.0,1.0,0.0,0.0,9.50722949255578e-07
0x673bc45361372524546331dfbb1e6e1b72dfdf4c881744901c91e6a47fd1d4e0,0.4257664915860679,Benign Tx,0.2756449580192566,1.0,1.0,0.0,0.004961489624490365,2.0605923509720014e-06
0x6aa7a5c7b4a66b995adae369e1cfdd47845a64fa773813a45d125dfb00ae2ae9,0.4349627973305006,Benign Tx,0.30488795042037964,0.9999999999999999,1.0,0.0,0.0,1.324713366557262e-06
0x6c912996b8a5e68cf979128b56cc5366c91529ada7b2d27f350a62762dbb8ba0,0.3355175767002881,Benign Tx,0.006552679464221001,1.0,1.0,0.0,0.0,1.5190992996849673e-07
0x6922c38c04e14c439ee241160d7dd4cb6c8cdeef40099dbf3dcc7a6a0c039d03,0.41113529350150946,Benign Tx,0.23285621404647827,1.0,1.0,0.0016480604010773517,0.0,9.389730735165358e-07
0x646c40bd7e3ed91b590c8cecb800efdf5ec80fc822a2861427026271cbaffae3,0.4335261425689888,Benign Tx,0.2997460663318634,1.0,1.0,0.0,0.002496006389776358,1.0777355328173144e-06
0x6f9b91196139c536f01a9d0dc0cbf8a956b50a4388c3034551f20fa29c6ffbed,0.4022753218344864,Benign Tx,0.20599311590194702,1.0,1.0,0.0,0.002497502497502498,1.046307033902849e-06
0x7569cf9282c9649da8279f1611510d9d3225c056cc725fac7aac67b820e84c26,0.40842817891139777,Benign Tx,0.22528418898582458,1.0,1.0,0.0,0.0,1.0432451063024928e-06
0x7290926f720c5bf0c4fffb759a2651120d99a5acabb3663b4049fc700b2ddb2b,0.4044849763205194,Benign Tx,0.21345458924770355,1.0,1.0,0.0,0.0,1.019141564029269e-06
0x758e55eddb64c28b7c18523dea5f4ba675f1773a001ded5f431501d38bc566d7,0.37695073831216636,Benign Tx,0.13030271232128143,0.9999999999992155,0.9999999999999591,0.0016480604010773517,0.0,4.4744581373379333e-07
0x7c07bdf07022093587bec7fb2833a7aef68b887807556526015c722ae4148729,0.3956657359698662,Benign Tx,0.18699650466442108,1.0,1.0,0.0,0.0,2.109735532940249e-06
0x7610ce806e5391434c4789339d97ef166d29ce56022d91d24fe59ea5a5229c8c,0.44622029192878643,Benign Tx,0.3370063900947571,0.9999999999999999,1.0,0.0,0.004961489624490365,1.9674503164424095e-06
0x761c304ef633ff8ca949d946574182967ad57f040e70de8f226fd835f1879357,0.42944515930738836,Benign Tx,0.287502646446228,1.0,1.0,0.0,0.002496006389776358,2.488038035153295e-06
0x7c44e83c97e6db90b2b15f4a5751800a812808d290f2df5b1524821161556fee,0.38095229858969204,Benign Tx,0.14285656809806824,1.0,1.0,0.0,0.0,9.830130238697166e-07
0x879552422016e1e02588b8e9028521dd51dfad89a57d668f607429a37800d08e,0.4149762216855682,Benign Tx,0.2449283003807068,1.0,1.0,0.0,0.0,1.0940279935311992e-06
0x7aaf4bcbdcf92187f208f30742a9dc633be389b90e4053e71c3e6fd50ec566ba,0.3886422901229783,Benign Tx,0.1659265011548996,1.0,1.0,0.0,0.0,1.1076421060352004e-06
0x83c8b422d15f0545cc5160e35fee66b3b06a835644403a95a42d3ce37c88c6e6,0.4182828492896942,Benign Tx,0.2540261447429657,1.0,1.0,0.0,0.0024654832347140066,1.726143636915367e-06
0x80d9fce5a6b6fe163aa3eb2e2d76023edd9ff9699070e310f35a1aa3bddba914,0.4254813865475011,Benign Tx,0.2747897803783417,1.0,1.0,0.0,0.004961489624490365,1.6481679949720274e-06
0x88e6d406e7806f6602af124aad23cbd47e5b18016454a1ab63cd6fbdb086a88f,0.42986871322222914,Benign Tx,0.28878411650657654,1.0,1.0,0.0,0.0024654832347140066,5.862456191607635e-07
0x897dcb266dde450cb5955c36c191571f4a4531d5887593feb211e7ed1ba17f06,0.37632345549648694,Benign Tx,0.12897005677223206,0.9999999999990274,1.0,0.0,0.0,9.291531455346558e-07
0x927e4a7ca1ab39c45f5a6f02b427a91a88fc3bb817fcca3b1518f200fbc7d70f,0.40403586299548677,Benign Tx,0.21210737526416779,1.0,1.0,0.0,0.0,6.411668778127932e-07
0x88fa7047d0d9fb205d0273b0d3d2f2195272b780ed06d240accbb5e01a1466f8,0.4097446827285633,Benign Tx,0.22923389077186584,0.9999999999988192,1.0,0.0,0.0,4.722432436210511e-07
0x89ec6faa54d5c2e59c9267cc33044c88fff7c96ad8d268832e1c17619eb72feb,0.40365197884475235,Benign Tx,0.21095553040504456,1.0,1.0,0.0,0.0,1.2183876378912828e-06
0x8b4c6dee1d4dc1c45911bb0e79e72562f6917f33a30f2d5391dd47bc588fbe8e,0.40353402171854214,Benign Tx,0.21060168743133545,1.0,1.0,0.0,0.0,1.1331728728691814e-06
0x92aa532bca8ad8f21cc9b20b0900e806ba9cf66118b83c266d5a463df9cd099b,0.3841369537478524,Benign Tx,0.152410626411438,0.9999999999999998,1.0,0.0,0.0,7.044963581392949e-07
0x984fc20ed33ee6b96eb81d6c0ae18d9cfcc3cd1ae491a76c140cac4e33be6547,0.40013731684736187,Benign Tx,0.2004113793373108,1.0,1.0,0.0,0.0,1.7136143242169055e-06
0x9594c2a2bb6873ac45e43701287bf3cebbe9f4abae73f065ef99441c96abc4b9,0.39804917894264236,Benign Tx,0.19414712488651276,1.0,1.0,0.0,0.0,1.235824242939998e-06
0x99db3d05ab01707a91c8c822871d2e51b15d0f0cacbe6b041d6f33d5368c999d,0.37303977656217857,Benign Tx,0.11911903321743011,0.9999999999999993,1.0,0.0,0.0,8.89407317572477e-07
0x9a7f63c42d255aba9248dc5d07a1b31a488c375bb85486efc6a61ddba9a9014a,0.4355872523418966,Benign Tx,0.30676135420799255,0.9999999999999856,1.0,0.0,0.0,1.2084531135769794e-06
0x93d93ef086a8a589bc31b52392543f4074ecb229101685384e9331b43fc1ebc8,0.3893755729202313,Benign Tx,0.1681264191865921,1.0,1.0,0.0,0.0,8.987223054646165e-07
0x9cce986200cd9dd1ca91777b624d97fdec48801726b49ca9881ef82c5c144882,0.4285184612220123,Benign Tx,0.2838907241821289,1.0,1.0,0.0,0.004991016369816278,2.9620819077536e-06
0xa2880956dd6bcd9cbb77936dc5976972e8f27b694fe26e69170defcf9f52663b,0.38945718218464104,Benign Tx,0.16837111115455627,1.0,1.0,0.0,0.0,1.306198100792244e-06
0x9e13d36a7635234f6443c2558940981506c7cf74bde12ea16d505cbfda8baef8,0.37512445032691805,Benign Tx,0.12482363730669022,0.9999999999997609,1.0,0.0016480604010773517,0.0,1.0806214731928776e-06
0xa00eb99fa76ec504b5d519df3bd9ca53d0f45cf6b3b1a42e86e5d15826372f8b,0.42515958961948597,Benign Tx,0.2754783034324646,1.0,1.0,0.0,0.0,1.3962779803478043e-06
0xa718ed2467bfae4ab2abde652631c7beb2243e1d652ced9d3d3d8fe26faf75d0,0.43600735977532,Benign Tx,0.30719977617263794,0.9999999999999998,1.0,0.0,0.0024654832347140066,1.4262252534535946e-06
0xa5b07e4791353085e6a4876d1f2e433efb12689b31c64ccff14843bc6303337f,0.4675781968318832,Benign Tx,0.40108010172843933,1.0,1.0,0.0,0.004961489624490365,1.976677140191896e-06
0xacbb425bc49486e5893f55d3eebd8937dae67bbf5aaacb45ffcbb14eb5600d93,0.41648227244418057,Benign Tx,0.24889719486236572,0.9999999999997501,1.0,0.0016480604010773517,0.0,8.070098260759551e-07
0xa7b2c40588e95943375ea12a2b508fe21f8ecca33ce0fc4c1ba9962fba2b54da,0.39461524476147103,Benign Tx,0.18384554982185364,1.0,1.0,0.0,0.0,5.533876787922054e-07
0xab93a1c61811316f2d9667c60da7a5a50ff02fd499587633c7c9f5d0afdcd454,0.46265605060444004,Benign Tx,0.3871457576751709,1.0,1.0,0.0,0.0024654832347140066,1.6991797338050674e-06
0xb091035fc7a25fba1f75b0bc64a929ae60c42c7e226b1275362518e3a78ef3d0,0.3663219264948237,Benign Tx,0.0984162762761116,0.9999999999816863,0.9999999999999989,0.0016480604010773517,0.0,4.492514733556163e-07
0xb1a3d4a920bdc094aa41ac8a66195d5aba5bd1d36db6c2a87ebfbd138ab9a803,0.41005457162734477,Benign Tx,0.2301633059978485,1.0,1.0,0.0,0.0,1.2266525573068066e-06
0xb1cde0cd5f853ba23e5ccfa30eb0a395aa246111eb4c4e663503570eb63dabe4,0.40176730886298617,Benign Tx,0.2039201706647873,0.9999999999945735,1.0,0.0016480604010773517,0.002496006389776358,1.2009898000542307e-06
0xb3dc8a64123d31b8bfaa97143ff4a0a6d36a0ad25090e35c3662fe0cb89ea945,0.38853926736772854,Benign Tx,0.1647854894399643,1.0,1.0,0.0,0.00249500998003992,1.9280096239526756e-06
0xb51ed6edb44a880dd9d9322aa11051e7fb66231674f9e97182fe6e7c91aa1b81,0.4125564974868432,Benign Tx,0.23606224358081818,0.9999999999999989,1.0,0.0,0.004820714989518692,1.0316496172890766e-06
0xb29c9d6f8d376fbbb3349dbdef25fde684d4632a705d378fb6a2ae8aa3439ba7,0.439540622403658,Benign Tx,0.31862136721611023,1.0,1.0,0.0,0.0,1.4999845916463528e-06
0xb65c42fe8e876cd7205f0f733ceb7f4ec4888d46dc7a3bbc17dc86ff52b6ca5b,0.4140874309500886,Benign Tx,0.24226197600364685,1.0,1.0,0.0,0.0,9.505398566034273e-07
0xb7fd7e134c3480315704ef318b0a3e4cf976b9babbcba56b67a07f1c3f6605dd,0.47132967146257615,Benign Tx,0.4139885902404785,1.0,1.0,0.0,0.0,1.272441750188591e-06
0xba9ab03d4cc59425a09d604bd33068795344fd9bb6b4028cc5d555afcca7e414,0.413133001706114,Benign Tx,0.23939867317676544,0.9999999999999968,1.0,0.0,0.0,9.958247346730786e-07
0xbc6264da042da8ee23583a0ff7d86d54438c38231100a97fda4a818feb1b99f6,0.3714798260218946,Benign Tx,0.11388988792896271,0.9999999999996565,1.0,0.0016480604010773517,0.0,7.100096013346047e-07
0xbaaf3ea927b9a84d844e3f0ec07f7b1db39fd657a0686e16affc80bc1bf2ba23,0.39779276617459514,Benign Tx,0.1919965296983719,0.9999999999999991,1.0,0.0016480604010773517,0.002496006389776358,1.2396853890095372e-06
0xc5db94c035e6d8c80404e3d96614c9bd26195c098ce2959955b82e6983bef10b,0.4189301188322866,Benign Tx,0.2567899525165558,1.0,1.0,0.0,0.0,1.2119409120714408e-06
0xc63c2f6f7359934fccf7c06fc8e9b113c137e3ba95f47b0448a52c9e3df1abaf,0.4102988412407201,Benign Tx,0.22924189269542694,1.0,1.0,0.0,0.004961489624490365,2.403455710009439e-06
0xc5feca0481ecb297e3c7f71f8f2b82d22f034b6be497f01d0b366f078be30a08,0.3725548356044788,Benign Tx,0.11632978916168213,0.9999999999999947,1.0,0.0016480604010773517,0.0023552317548046855,8.60799389101885e-07
0xb92d405407c3b3fd7697f79b223d63eb4f395db5cb652ad4d5bedb9afae6f0ff,0.34182907255036654,Benign Tx,0.025486882776021957,1.0,1.0,0.0,0.0,1.004625232781109e-06
0xca8b1670547acdb5c420bbc949c1bf9ff1d77793c07413f3a08f396dc36c85d9,0.368936248143642,Benign Tx,0.10680835694074631,1.0,1.0,0.0,0.0,1.1624705393842305e-06
0xcb81fe10d4f31a5e1af46204e882a6f8378938c2ddaf91db8502b8690ff66b76,0.44704534875223084,Benign Tx,0.33947232365608215,1.0,1.0,0.0,0.004990020755299104,1.1470465324237011e-06
0xcc929e075e8b9e122ca273ba7377145dfe8ae6f2d636e79fa11f6e908de0e558,0.3933049709480782,Benign Tx,0.1799147129058838,1.0,1.0,0.0,0.0,5.998150527375401e-07
0xcca56748246e4455b0c6494cbc09df9aa6ff2e1975021609b257738a381121b0,0.4592956605176381,Benign Tx,0.3770543336868286,1.0,1.0,0.0,0.002496006389776358,1.9372084807400825e-06
0xce0926fa8bb4c5c1576c1f1a03b7031b60e8d1cef331e447caa1cb3634017897,0.3662729646634438,Benign Tx,0.09881813824176788,1.0,1.0,0.0,0.0,2.267245690745767e-06
0xcf8b9a5b288df464235da9c363e559871c060d173ded3917c92f2ac1addfcf35,0.4413169368933057,Benign Tx,0.32312870025634766,0.9999999999999998,1.0,0.0,0.0024654832347140066,8.480359952045546e-07
0xd39d94f3b5aabb46e3981fbb54d91ddfc7befdec51d74f2a6897f6e05ea4ae74,0.42747202711210086,Benign Tx,0.2807617485523224,1.0,1.0,0.0,0.004961489624490365,1.5087274505276582e-06
0xd525933579d0abb7e92e48aa9425f4d2bacac058f69348064f93aa8843416cc7,0.42355396262513634,Benign Tx,0.26928016543388367,1.0,1.0,0.0016480604010773517,0.002496006389776358,1.1005337228198186e-06
0xd070c4d58aceb0c728d36575cb875351a2da723cdf1acf7a754d1464a14cf869,0.4348751349478258,Benign Tx,0.30462488532066345,1.0,1.0,0.0,0.0,1.558568442305841e-06
0xd670112c8c4118e5ab3b180d9db1b0849dcff44f2fef4d0619f3e3526934407c,0.4582286957869731,Benign Tx,0.3738546073436737,0.9999999999999998,1.0,0.0,0.002493019545273235,1.4205064644556842e-06
0xd198fe528efce4dc7f30df60c91e788e8eccf418fa6e51bd37911ad403c8bb7e,0.4332093336918016,Benign Tx,0.29879558086395264,1.0,1.0,0.0,0.002496006389776358,1.2542445801955182e-06
0xd1ef266ea0ea21c085d007f9beb75fcc6c4e74886a864721bafbcc2086302af8,0.43481236903151105,Benign Tx,0.3036148250102997,1.0,1.0,0.0,0.0024654832347140066,1.3630179864776437e-06
0xe04233725ef3f5f738abe5ce08eb5672f7a1b2db84adc08b32ce02fa0b2b99d3,0.38473094188710105,Benign Tx,0.15364328026771545,0.9999999999601853,1.0,0.0016480604010773517,0.0,5.75839408156753e-07
0xde6712e3a6ed780da54b3665b6741b5ebd19cf4217761410cd9de7d8a18793f3,0.3864424505454616,Benign Tx,0.15795567631721497,0.9999999999898987,1.0,0.0016480604010773517,0.0024654832347140066,1.4823368701399886e-06
0xe06541424b667481d341542940870cad4c44f0a6cca5897ca0b584fd1ac3781f,0.35466514339284394,Benign Tx,0.06344591081142426,0.9999999902991018,0.9999999999886053,0.0016480604010773517,0.0,5.122686843606061e-07
0xda8b229d8153fd8f040e54ce76845032cc5bb90c7eef10554af5c15c382e9e6b,0.38288516928388566,Benign Tx,0.14783310890197754,1.0,1.0,0.0,0.0024654832347140066,1.7136143242169055e-06
0xd8737aef09b3adde731262e11ea3f7e0837150991a0ac05c62f94c63044d3ca8,0.3574138651889787,Benign Tx,0.07224133610725403,1.0,1.0,0.0,0.0,7.78379046550981e-07
0xdb4b35bce8103e506f7c20e03ad357604312bbcd19d270f72a892b0bb8c39095,0.3653575016467445,Benign Tx,0.09607227146625519,1.0,1.0,0.0,0.0,7.004219355621899e-07
0xe363677334453cabdc05cb1e31992dd50925d5b8f6723a9efcb574743f8d9a94,0.4415709861311447,Benign Tx,0.3230590522289276,1.0,1.0,0.0,0.004960493214753927,1.2252787655597785e-06
0xe4ddf161e15a71719aed95c619ba691c331de72bb14cca91275f91fc8af8c624,0.35180771129537586,Benign Tx,0.05542290583252907,1.0,1.0,0.0,0.0,6.841607955720974e-07
0xe58fbe11e4494c7042ff3ada68ddb85ab935db3095dbcf09971fad5319fded27,0.4274399825784199,Benign Tx,0.2806655466556549,1.0,1.0,0.0,0.004961489624490365,1.7136143242169055e-06
0xe5c8e3fced1662a7a39022a960f9c47f12c7ae7e69cf1a955683503f76401974,0.36137102470904536,Benign Tx,0.08411280065774918,1.0,1.0,0.0,0.0,8.204081609619607e-07
0xe33ea222186616b05c5c15f6eaa4c94822e14b1887680078769c6bdf6b212a3b,0.40329811583697117,Benign Tx,0.2098938673734665,0.9999999999999959,1.0,0.0,0.0,1.4404123476197128e-06
0xe7d9daaf184d638708f8bff989f706a44b9700d85edacaab1974d2d593a3b851,0.42438329304393896,Benign Tx,0.2731494903564453,1.0,1.0,0.0,0.0,1.1663261147987214e-06
0xe7e43dbdf2a4c83c907cd601eeca4bffe568c3e160bcb6d434924815fa42962f,0.3871972628139975,Benign Tx,0.1610422432422638,0.9999999999764344,1.0,0.0016480604010773517,0.0,5.752334573116968e-07
0xe9d89e81c02a46113d5754fb0cd088084ad78ff231702267b316adaeef59d8fe,0.39322040995620927,Benign Tx,0.17883898317813873,1.0,1.0,0.0,0.0024654832347140066,1.2568367537824088e-06
0xec5d84affa5234cf27e0de1f3f576e2e9df7112a0fdbeee0fee66bcc8c0a58d7,0.4076924347290392,Benign Tx,0.22087354958057404,1.0,1.0,0.0016480604010773517,0.004961489624490365,1.7137940631073434e-06
0xecc228a8d5359e9e8da87a0231eff4965bf4f0acfb3cbedff8fd8f94abeeab79,0.4000184609873637,Benign Tx,0.20005494356155396,1.0,1.0,0.0,0.0,1.3182016118662432e-06
0xec3e54cec31626b707b33b9d34da75d6e92d4a91ca0080f859fb47b7d5fcc2c3,0.4009231025980034,Benign Tx,0.2013978362083435,0.9999999999992943,1.0,0.0016480604010773517,0.0024654832347140066,8.711222676538455e-07
0xf2eae8a178bd3f79a740bf6234d63066fc4c998466347440d06d12dfdec5b213,0.334708224061808,Benign Tx,0.004124634433537722,1.0,1.0,0.0,0.0,1.1325565907327473e-07
0xf379e111b88aa7462cbe407ce7b0a9e0f09840bdd6fdbe64227082c3b4e0b190,0.38348032676071847,Benign Tx,0.15044046938419342,1.0,1.0,0.0,0.0,1.5326938864745898e-06
0xf4c389e24388b701e700fd6d364089039558d235e626f55493964f2dbdd47aa6,0.41969322680975385,Benign Tx,0.2582941949367523,1.0,1.0,0.0,0.0023552317548046855,1.2247227232364821e-06
0xf690f2e07123abf6182be2c619a20836a43a2de20404158e9f4fbd8d366afc4f,0.4156856325802209,Benign Tx,0.2470564991235733,1.0,1.0,0.0,0.0,1.1958512686760514e-06
0xf693a577d7e0941e5c25d73e615e6e02b803891f1ef05944548c29d5a982b643,0.3749186445609261,Benign Tx,0.1234213262796402,0.9999999997790443,1.0,0.0016480604010773517,0.0023552317548046855,5.3038496616864e-07
0xf9bfd15bdbe6141476da432543b2bb75c9c68c03b81d7741208f6f75de0a3f34,0.4264477111167017,Benign Tx,0.2776887118816376,1.0,1.0,0.0,0.004961489624490365,1.7747809124557534e-06
0xfbbd97359810651a81691dca829b32264e78210e02c4a07d5109a09093abe07e,0.40872130312916644,Benign Tx,0.22616347670555115,1.0,1.0,0.0,0.0,1.2980458450329024e-06
0xfd5da48767ccb509d7672bf6add3c85ddb8b9cda7f3596d10dc722937d5dbcd6,0.41497326188497635,Benign Tx,0.24491937458515167,1.0,1.0,0.0,0.0,1.233209331985563e-06
0xfebc705d4b95a2c316bade01c46be718ccf8b3646e668faa090d0309bbb75890,0.35518855705930713,Benign Tx,0.06556549668312073,1.0,1.0,0.0,0.0,5.234844024926133e-07
0xfe1aa274be4bb439d7596cc84b3ac7f62175c56ac13967411e605be59739e74f,0.4220432449758644,Benign Tx,0.2661293148994446,1.0,1.0,0.0,0.0,1.2600844456756022e-06
0xab395b468fcd9f1e718e44a5ec22c1e3a6e3771ab7c9291049d5964d8fe25220,0.33365154752477294,Benign Tx,0.0002675376308616251,1.0,1.0,0.0,0.002060666007253558,6.488231178991555e-07
0x9f4d507cb7d8279fd110ef13e59dbfd74a0cebaf456de909826a5761e32574e6,0.33334011363547233,Benign Tx,2.0067762307007797e-05,1.0,1.0,0.0,0.0,8.194323299903772e-07
0x0709e16737fab445a0849df2971566832abe6a9017010aa6b5a3377dd8bc8dff,0.3700035974971999,Benign Tx,0.11001063138246536,0.9999999999990751,1.0,0.0,0.0,4.83328790323867e-07
0x1c27c4d625429acfc0f97e466eda725fd09ebdc77550e529ba4cbdbc33beb97b,0.3353678689110061,Benign Tx,8.159967546816915e-05,1.0,1.0,0.01806442544919007,0.0,1.5957234609231818e-06
