hash,ensemble_score,pu,ae,aae,rf,et,xgb
0x3097830e9921e4063d334acb82f6a79374f76f0b1a8f857e89b89bc58df1f311,0.361901586953904,0.0343088103405248,1,1,0,0.148235660024453,0.00595219153910875
0x465a6780145f1efe3ab52f94c006065575712d2003d83d85481f3d110ed131d9,0.344787481679107,0.00668772375048024,1,1,0.00333213053989849,0.0784207274820233,0.0012713058385998
0x47ac3527d02e6b9631c77fad1cdee7bfa77a8a7bfd4880dccbda5146ace4088f,0.338316847928899,0.00158789850241831,1,1,0,0.039929366790356,0.000158569062477909
0x62bd3d31a7b75c098ccf28bc4d4af8c4a191b4b9e451fab4232258079e8b18c4,0.580704006734243,0.584599032516165,1,1,0.0816295616035263,0.360638539994405,0.0302708614617586
0x138daa4cbeaa3db42eefcec26e234fc2c89a4aa17d6b1870fc460b2856fd11a6,0.291069037509891,4.72548724962552E-05,0.965044021606445,0.780752301216126,0,0.000625782227784501,0.000159306509885937
0x1fe5a53405d00ce2f3e15b214c7486c69cbc5bf165cf9596e86f797f62e81914,0.418505933901872,0.158491839848356,1,1,0.0383288349919689,0.250744888637064,0.00200416194275022
0x71a908be0bef6174bccc3d493becdfd28395d78898e355d451cb52f7bac38617,0.344088872829257,0.00688061602184003,1,1,0.00166552959833938,0.0732211719608502,0.0012713058385998
0xa6f63fcb6bec8818864d96a5b1bb19e8bd85ee37b2cc916412e720988440b2aa,0.337810714931912,0.0112136947412893,1,1,0,0.00650068593268775,0.00015466423064936
0xc310a0affe2169d1f6feec1c63dbc7f7c62a887fa48795d327d4d2da2d6b111d,0.344527130741521,0.0124257746283947,1,1,0.00332424726996706,0.0588695214359011,0.00127308408264071
0xe3f0d14cfb6076cabdc9057001c3fafe28767a192e88005bc37bd7d385a1116a,0.735513528104595,0.979382020693065,1,1,0.191621579526462,0.462406721896946,0.0274473894387484
0x2bb955b94aa5e2cc0854e23b58268d89aab93e17cb8b11c61996d875f1cc64f9,0.333813392987324,0.000144931601470031,1,1,0,0.00373357228195945,0.000152169799548574
0x454c858e7f7b11706335225c72b1eaee13a215e8657a4ae699669d6f1cd18550,0.333342689687285,0.000131364197438232,1,0.999692022800446,0,0,0.000152169799548574
0x8222caee8d1e1188f7a99af8315486a828aaf3432b6528a8e45b9f1bb73653e3,0.333803486887179,0.000115011213737991,1,1,0,0.00373357228195945,0.000152776061440818
0x4b2a2d03b3dc136ef94ebe2f3bc36231b104172bcb598104730898f7d81a55db,0.26514215727208,5.60125458475137E-05,0.996445059776306,0.594194412231445,0,0,0.000152169799548574
0x787980ae064cba2430213ffe14bff6fd71193983055725dcf185341bab68811e,0.333494172170786,6.11593135647856E-05,1,1,0,0.0011119017968331,0.000152169799548574
0x6957ccca95ad6a7f2d698a2362f4881591ff18f18cbc5edb149ce490521639a6,0.333395521463879,0.000135841125120691,1,1,0,0,0.000152169799548574
0xa34d79cbe9aef1bf07692885b353d85912523dfc4662611d33dd09ff6c319c85,0.33338034251939,8.51401128297942E-05,1,1,0,0,0.000167662336025387
0xef7f6864a93f8d10dd8fafbe75b041db8c282159fe43632c26a29f176894678e,0.288107621058992,2.99205540282439E-05,0.728814721107483,0.999669313430786,0,0,0.000152776061440818
0x04b166e7b4ab5105a8e9c85f08f6346de1c66368687215b0e0b58d6e5002bc32,0.300045688142266,0.000849934543493901,1,0.798468589782715,0,0,0.000158504975843243
0x11d069cbe4490cc483b1ae2e77c9c79493213347b42a8dec2ded25724e2f1835,0.21352593771478,0.000447629368668122,0.273729979991913,1,0,0.0096251619827102,0.000170329949469306
0x40be81f859227aa952e70fe1f5e8c84feed6aa3c2a4d6bf38125cd6bc222560a,0.104984769573381,3.52610270816016E-05,0.305626690387726,0.324109554290772,0,0,0.000152776061440818
0x3610d3e3f2381c73f4bd128df9be90de87482802f30712dd555619b8bf3462a4,0.112482782563034,9.92579265588574E-05,0.281524211168289,0.391890525817871,0,0.00175487856240357,0.000170329949469306
0x43ff7e01423044cfb501b4fe9ef1386725c0ddc117dadd6e6620cb68bdeaf4f9,0.214634295743325,0.000441628062567314,0.285764515399933,1,0,0.00156676385982285,0.000170329949469306
0x542838429f32b49d71264cc1036bb7cfd66824613ba0c437f7ce4269edb58f74,0.179442267384528,5.07624542208565E-05,0.843994617462158,0.23245558142662,0,0,0.000152776061440818
0xbb9aac794415b2fbe2c947fe37ebb29c75526c150d33dd408ccddbcb52534828,0.125803377208941,2.55652207619804E-05,0.443198055028915,0.311469197273254,0,0,0.000152776061440818
0x8e28bc58897f35e71b727f3066ae57b4d597014db6778bbf70838347c112e0e1,0.0788730645315975,3.16908970382514E-05,0.195510149002075,0.277563005685806,0,0,0.000152776061440818
0x6ac2d60c8f48144f2adb10ab161efdd491a791c6a666c450d4b33c6889fc0925,0.0923296426884751,0.000105054939539708,0.259323716163635,0.293160557746887,0,0.00175487856240357,0.000170329949469306
0xea3480f1f1d1f0b32283f8f282ce16403fe22ede35c0b71a732193e56c5c45e8,0.0940205812473215,9.10642681728673E-05,0.327628493309021,0.236211389303207,0,0,0.000152169799548574
0x578a195e05f04b19fd8af6358dc6407aa1add87c3167f053beb990d6b4735f26,0.625135390197538,0.632136248848127,1,1,0.203278503985037,0.517201149692673,0.00933011155575514
0x8db0ef33024c47200d47d8e97b0fcfc4b51de1820dfb4e911f0e3fb0a4053138,0.685906471558991,0.945561030255891,1,1,0.0833095413541914,0.22340326002362,0.029762351885438
0x93a033917fcdbd5fe8ae24e9fe22f002949cba2f621a1c43a54f6519479caceb,0.159777347755633,0.000132662777968459,0.57603645324707,0.381843268871307,0,0.000625782227784501,0.000152776061440818
0xe855cc3bad87933bf742fd474bd0ae0ec58d45e9c1a0643b9700dafe8faf0864,0.713675781987971,0.973834675432881,1,1,0.138295879875224,0.341331430466248,0.021950701251626
0xeb87ebc0a18aca7d2a9ffcabf61aa69c9e8d3c6efade9e2303f8857717fb9eb7,0.705415751979033,0.95565727890618,1,1,0.139965028442457,0.310244373626887,0.0315605290234089
0xefc4ac015069fdf9946997be0459db44c0491221159220be782454c32ec2d651,0.337664087288011,0.00152001193119801,1,1,0,0.0342326783154101,0.00018407148309052
0xcb0ad9da33ecabf75df0a24aabf8a4517e4a7c5b1b2f11fee3b6a1ad9299a282,0.346427496574614,0.0186978106597693,1,1,0,0.0603820116111392,0.00137202558107674
0xd55e43c1602b28d4fd4667ee445d570c8f298f5401cf04e62ec329759ecda95d,0.709920635905693,0.953900070006318,1,1,0.141645820076371,0.314424185059828,0.0715155079960823
0xa84aa065ce61dbb1eb50ab6ae67fc31a9da50dd2c74eefd561661bfce2f1620c,0.223470333749758,0.000166492836064895,0.962821006774902,0.37756273150444,0,0,0.000157873117132112
0x2e7dc8b2fb7e25fd00ed9565dcc0ad4546363171d5e00f196d48103983ae477c,0.72163703325083,0.973296468440696,1,1,0.164961318022129,0.383979337929673,0.0259032379835844
0xb676d789bb8b66a08105c844a49c2bcffb400e5c1cfabd4bc30cca4bff3c9801,0.247416572607873,0.000202341746616742,0.498892039060593,0.98509156703949,0,0,0.000166674377396703
0xc93eb238ff42632525e990119d3edc7775299a70b56e54d83ec4f53736400964,0.322309758365972,8.6803311062123E-05,0.937355041503906,0.996227443218231,0,0,0.000153598870383576
0xcd99fadd7e28a42a063e07d9d86f67c88e10a7afe5921bd28cd1124924ae2052,0.237171598654401,0.000166362391801654,0.99999988079071,0.422586858272553,0,0,0.000165281526278704
0xe928d5de53bea42231d0dd140a3f761adb93081038a368591eb1166168297bdc,0.343172886253401,0.0266338030843532,1,0.999535322189331,0,0.00919204297693559,0.000159540766617283
0x6e6e556a5685980317cb2afdb628ed4a845b3cbd1c98bdaffd0561cb2c4790fa,0.741907720235147,0.983379582344056,1,1,0.191622459353799,0.502406726188404,0.0330015495419502
0x006763dff653ecddfd3681181a29e7e6d6c2aaa7bafb27fe1376f3f7ce367c1e,0.698354636951174,0.952458398982849,1,1,0.091639620120644,0.320296895156058,0.0158800203353167
0x2a027c8b915c3737942f512fc5d26fd15752d0332353b3059de771a35a606c2d,0.339167048368827,0.00351181199302315,1,0.999999761581421,0,0.0415324343823497,0.000435922585893422
0x0788ba222970c7c68a738b0e08fb197e669e61f9b226ceec4cab9b85abe8cceb,0.765473903677912,0.989209743806129,1,1,0.356587569447107,0.531656525007383,0.0333918072283268
0x7ac4a98599596adbf12fffa2bd23e2a2d2ac7e8989b6ea043fcc412a29126555,0.696555510213024,0.961265330840727,1,1,0.0999716997553475,0.263228610327566,0.0220032893121243
0x8b74995d1d61d3d7547575649136b8765acb22882960f0636941c44ec7bbe146,0.723446426355121,0.969990183704819,1,1,0.179890156489449,0.389411524421452,0.0317456051707268
0xc087fbd68b9349b71838982e789e204454bfd00eebf9c8e101574376eb990d92,0.235454768860678,0.000384320116497327,1,0.411852836608887,0,0,0.000160704483278096
0xbc08860cd0a08289c41033bdc84b2bb2b0c54a51ceae59620ed9904384287a38,0.359860366734448,0.0706793501115105,1,1,0.00165764349400892,0.024852160502827,0.000195446278667077
0x8af9b5fb3e2e3df8659ffb2e0f0c1f4c90d5a80f4f6fccef143b823ce673fb60,0.338334910309923,0.00194590213859385,1,1,0,0.0390211572222127,0.000155329151311889
0xf7c21600452939a81b599017ee24ee0dfd92aaaccd0a55d02819a7658a6ef635,0.703699511416409,0.960048806650842,1,1,0.138295715451713,0.283292938320034,0.0315605290234089
0xfeedbf51b4e2338e38171f6e19501327294ab1907ab44cfd2d7e7336c975ace7,0.695119424921232,0.957514251280254,1,1,0.0999702606999338,0.255039303394152,0.0285225063562393
0x53eeab4447db331dbb47f93fd58a95d6faa230d559acde0687f8b5f5829e7a45,0.679279793292452,0.907535979622849,1,1,0.0383009715088056,0.34214693305939,0.0104622961953282
0x573199feba92ab6577847f2baa634ec84845d96474af31ca81a6b82ab3a4178f,0.691169074402409,0.935565779497251,1,1,0.0466330888624807,0.356728946072117,0.0104622961953282
0xdfbfb0387129541c65934e71deee404ea70de6629258ae49d9f24bcf6e866ea6,0.339191524451906,0.00164181966654818,1,1,0,0.0476424780274136,0.000155783040099777
0xb56e984a866afed36ccf28c2a659845f5529d7de3f609d67c16c20e337c106fc,0.345897449437826,0.00879639574204401,1,1,0.00166325051525377,0.0834684948844776,0.00155611231457442
0x09a3a12d58b0bb80e33e3fb8e282728551dc430c65d1e520fe0009ec519d75e8,0.725356733136605,0.981436667610959,1,1,0.15327962266394,0.413833192283835,0.0167877804487944
0x396a83df7361519416a6dc960d394e689dd0f158095cbc6a6c387640716f5475,0.730032837279963,0.978743433358811,1,1,0.151625786785267,0.454169550511573,0.0282698981463909
0x1a7ee0a7efc70ed7429edef069a1dd001fbff378748d91f17ab1876dc6d10392,0.693380091336127,0.949857792621264,1,1,0.106648907202273,0.253075668078445,0.0311228688806295
0x485e08dc2b6a4b3aeadcb89c3d18a37666dc7d9424961a2091d6b3696792f0f3,0.710304178538311,0.974315943822206,1,1,0.0866363410847608,0.359204209791575,0.0239492245018482
0x51ce3d9cfc85c1f6a532b908bb2debb16c7569eb8b76effe614016aac6635f65,0.123261543132181,4.34646132553879E-05,0.385212302207947,0.354168146848679,0,0,0.000152776061440818
0x4d8d7e6f2bdc49e724b8d2a0241cf31d0911a230fa17230c7f025cead1842e93,0.12756401693157,0.000102054127265821,0.581092417240143,0.183568567037582,0,0.000625782227784501,0.000152776061440818
0xec7523660f8b66d9e4a5931d97ad8b30acc679c973b20038ba4c15d4336b393d,0.35182233166687,0.0463979178408315,1,1,0.00166666666666667,0.0253729932660448,0.000167571546626277
0xbc8c30b7db136e97251eaa9897853ddf125f155b7c63bbe4c06d704384a40556,0.315693164546247,5.30690049358623E-05,0.999983429908752,0.893959224224091,0,0,0.000165382109116763
0x97201900198d0054a2f7a914f5625591feb6a18e7fc6bb4f0c964b967a6c15f6,0.347541878165255,0.0359271176054471,1,1,0,0.0199265160311115,0.000169034639839083
0x591d054a9db63f0976e533f447df482bed5f24d7429646570b2108a67e24ce54,0.688651060509488,0.950994564458651,1,1,0.0566442070158284,0.276185914288244,0.0120457299053669
0x032c9e7fa7d1697fa64fd4a59f0d08278d27aa537525e9bd17f71f01d36b8b6a,0.71117182222347,0.973178032067514,1,1,0.0966380320347125,0.364536178925318,0.0198380928486586
0x1ea0a2e88efceccb2dd93e6e5cb89e5421666caeefb1e6fc41b68168373da342,0.708212103326245,0.962746019839214,1,1,0.096618249210888,0.37692560453667,0.0121270166710019
0xc6c3331fa8c2d30e1ef208424c08c039a89e510df2fb6ae31e5aa40722e28fd6,0.696160233043647,0.959040213836957,1,1,0.0966369007766547,0.264377285010545,0.0273072700947523
0x04e16a79ff928db2fa88619cdd045cdfc7979a61d836c9c9e585b3d6f6d8bc31,0.712317561215604,0.964544550569184,1,1,0.15655960552351,0.329104264685968,0.0315605290234089
0x2a50db3dac1b4468d226deb53cb34737669b5f93848ac04d4e296ade06f9876c,0.705548864600773,0.917516147382677,1,1,0.158267125741198,0.422339534373112,0.0167846791446209
0x995e880635f4a7462a420a58527023f946710167ea4c6c093d7d193062a33b01,0.665357975151467,0.841592805051837,1,1,0.0949543847288837,0.353040124036601,0.015448852442205
0xb95f56a93af1dbf477b2c527e186cc37aa4a973f8007717ff6c58ac62eb28a62,0.716753914328714,0.971254685477389,1,1,0.111617665667302,0.413276490187953,0.0121270166710019
0xcf834aff4de9992f5da9c443600dad9c6277a8a00de5007842fece51564992db,0.297074632641222,4.14755719142879E-05,0.995621085166931,0.78664231300354,0,0,0.000152169799548574
0x26a83db7e28838dd9fee6fb7314ae58dcc6aee9a20bf224c386ff5e80f7e4cf2,0.690812917878395,0.949780428638699,1,1,0.0966428746875247,0.255452079966616,0.0158800203353167
0xdb4616b89ad82062787a4e924d520639791302476484b9a6eca5126f79b6d877,0.703086708594453,0.958777210246912,1,1,0.136629065245789,0.283259152340145,0.0315605290234089
0x2cc3c3cfbdf04441f3349e49768c909ac252ace6f78b24a25d4700a47883514a,0.206602527622247,0.000168662403025537,0.480703830718994,0.75267094373703,0,0.00868418035067185,0.000170329949469306
0xd9b3e229acc755881890394cc76fde0d7b83b1abd4d046b0f69c1fd9fd495ff6,0.146112745738443,3.75450348855489E-05,0.559845149517059,0.3166543841362,0,0,0.000152776061440818
0x03543ef96c26d6c79ff6c24219c686ae6d0eb5453b322e54d3b6a5ce456385e5,0.337845528785512,0.00158716009441873,1,1,0,0.0356924207165752,0.000155858069774695
0x5a63da39b5b83fccdd825fed0226f330f802e995b8e49e19fbdd246876c67e1f,0.336213633984637,0.000903218715951873,1,1,0,0.0230526558412314,0.000160393872647546
0x7acc896b8d82874c67127ff3359d7437a15fdb4229ed83da00da1f4d8370764e,0.293796776026038,0.000369669438311587,0.999996960163117,0.761939108371735,0,0,0.000157873117132112
0xbeefd8faba2aa82704afe821fd41b670319203dd9090f7af8affdf6bcfec2d61,0.715062935785099,0.970297033009153,1,1,0.124964861951405,0.387718396782379,0.0119920643046498
0x75e3aeb00df69882a1b15d424e5e642650326ca3b923d7fd1922d57c51bc2c78,0.72442154364566,0.974003503969496,1,1,0.186556645280076,0.379666206598966,0.0315605290234089
0x06d7e7436414c658a33452d28400799f3637e83930dcec39b3bd065dabc6ef04,0.337021694315042,0.00119143203109073,1,1,0,0.0294352369508043,0.000185715791303664
0x23fcf9d4517f7cc39815b09b0a80c023ab2c8196c826c93b4100f2e26b701286,0.144523877113745,0.000780852128472429,0.592901349067688,0.272578328847885,0,0,0.000152776061440818
0xf0464b01d962f714eee9d4392b2494524d0e10ce3eb3723873afd1346b8b06e4,0.337986752836016,0.00219041194534138,1,1,0,0.0348874865035247,0.000422053184593096
0x6da8f7cb19d6e56cd9b74298677986b3b55cb9db902175c2627b7d57a85e820d,0.245718536531439,0.000693642118515636,0.476312428712845,0.992559909820557,0,0.00592466326934401,0.000152776061440818
0x6e1baa7ade5bbbabd1cefeb807327aec6082b8b467b9ff74772959c27520c743,0.123491505386659,0.000591467598660891,0.393342792987824,0.34194278717041,0,0.00655044549712851,0.000170329949469306
0xee02781eda4108f8fb3cca8355218961ad3a3e769b3de8a869acb8ed1654a67e,0.12784025830531,0.000519113585873936,0.474450081586838,0.288152396678925,0,0.00494853523357087,0.000152776061440818
0x9f3712672be7a120757d42fbe15ceefe9578914946bacbd0f3531e7fb7305576,0.156579030760015,0.000738964958991544,0.639216899871826,0.298677504062653,0,0,0.000152776061440818
0xb82239e256404e94edd650c68cea92e146c2f361a09eea11b02624eeaffbaae1,0.164823329879046,0.000923300694060772,0.647592961788178,0.336094796657562,0,0.00494853523357087,0.00015989392704796
0x57b736acc7a71a5d7d28f0abcf2d0b6553623ad480464ec347ebb30ab05aae33,0.0846490065042255,9.30197989690332E-05,0.242799133062363,0.264807045459747,0,0,0.000152776061440818
0x398a7ea42fab5228200835141bb732843b33943a8cf63bf16104568ccdfded62,0.231759151745084,0.000288883662203438,1,0.389870017766953,0,0,0.000160643365234137
0x45534e2b0d807a4b427498b973e6e02bab0ca6857b29e7c0888e9f3e03fcc0e5,0.157843727920546,0.000162925671084388,0.688855588436127,0.257361888885498,0,0.000625782227784501,0.000152776061440818
0x30fef86a72ea7e1109ffeae572439995c78561ffeb968dcbd61c609efc60fdd9,0.490168320139401,0.322765042082406,1,1,0.0999511318213151,0.333183536847856,0.010085086338222
0x610c0f7b64567fa173c701ec106acb192f6ccda5492e2c1d2e39c8a43493f954,0.0862662723563658,0.000162997304425341,0.251066327095032,0.265686303377152,0,0.000625782227784501,0.000152776061440818
0x68c900fb23f766ee989b73c9845cc1d98ceadbd36f586e2db47d5acfe60857e2,0.218050274536059,0.000271174524736974,1,0.307648211717606,0,0,0.000166674377396703
0x871cbbf381295e1c1f9014e036d2a6e860ad7571fdee03a10a40be6a905fc499,0.0749488769120773,0.00022672818108016,0.202483803033829,0.246237367391586,0,0.000625782227784501,0.000152169799548574
0xbe79c19ab998540e35a514b24ce65c1857c5604e6c0f8f2b485a53002cf02739,0.0981754557144986,0.00017648731069322,0.331022918224335,0.257157802581787,0,0.000625782227784501,0.000152776061440818
0xbe86b5b967a67365e7430ddd1bdf24556c64d1f6ab1e0898c67cf18c62ee584b,0.101582965800234,0.0002182462170389,0.34466677904129,0.263875484466553,0,0.000625782227784501,0.000152776061440818
0x71369909c1473635961d7618484705b6a83faf55e0e6b6f885ad0c9ed0d97d56,0.103584610099851,0.000158376707670495,0.378487944602966,0.242183893918991,0,0.000625782227784501,0.000152776061440818
0xfcba2c38617edab9abf146bf4381edd2674873cc7bae9c6ba505a45e03a7228b,0.303761772932365,9.92189382774694E-05,0.874998331069946,0.946854829788208,0,0.000625782227784501,0.000152776061440818
0x4019890fe5a5bd527cd3b9f7ee6d94e55b331709b703317860d028745e33a8ca,0.279866160915858,0.00150277483654691,1,0.676083266735077,0,0,0.000162134223501198
0xdd6e9625a9f9d7d91b00aad8d4bbfdc1fef4553a0b21b6f26a4a29cdfcbb4889,0.1930742587452,0.000179327457865735,0.867348909378052,0.290218949317932,0,0.000625782227784501,0.000152776061440818
0xc12a4155c2c90707138e4aef8883c8f724371145823e2f661f19b93e5b3a9d6e,0.211432452665631,0.000359245007088385,1,0.267768293619156,0,0,0.000161943244165741
0x35a73969f582872c25c96c48d8bb31c23eab8a49c19282c67509b96186734e60,0.121322640541975,0.000107314764894438,0.481075495481491,0.246544301509857,0,0,0.000152169799548574
0x1e73c4205822c28a5cb85fa354771bb4a72eb1778b68932e7ab7ba9559db09ec,0.187804972544072,8.20843977426216E-05,0.60884565114975,0.517301321029663,0,0.000625782227784501,0.000152169799548574
0x4ff4028b03c3df468197358b99f5160e5709e7fce3884cc8ce818856d058e106,0.367186341600252,0.0472312133704097,1,1,0.0133178902655067,0.148548933194886,0.00111661083064973
0x00c503b595946bccaea3d58025b5f9b3726177bbdc9674e634244135282116c7,0.652716333784379,0.779335697845665,1,1,0.133268239933638,0.387545348110722,0.015626322478056
0x12641ade277ba56215bffe6608fb078beb93bf3bb46a37fba91144790895d580,0.615556147255785,0.612245939718356,1,1,0.238252443287469,0.431616818329572,0.0333982445299625
0x0d4b5a415fa9a1452a09f8788c85a4acd2e0866519e73bdc37f5591e027b36ac,0.656292734843227,0.704261250501547,1,1,0.241587934272262,0.521184300479097,0.031078627333045
0x0c91723ebf69efc84d87ae393af51410491368fe9e9edc29cef38d5479aed140,0.574356496523387,0.53690889888897,1,1,0.119942590481795,0.411543390439456,0.0269957911223173
0x0e38dd693ddbc2f62282932f36a4b8de75f8ea1da530532af26698b4eda9a110,0.556360131360771,0.457722761952306,1,1,0.173271801493594,0.432528074956766,0.028273019939661
0x3b6c97c76446650e65959723c20489ac792fe9101d57e7349df2ebe9e05d63aa,0.626876593088669,0.634342156535288,1,1,0.231598073902139,0.487473351389122,0.0197914429008961
0x395d17328d331d7cdf83097963c3fd8d424d82257d8d6f64618fcc6e1e0065a6,0.536255857215162,0.415931123958998,1,1,0.134942204408342,0.427562971153962,0.0160041674971581
0x4d3831d7dc2496fbcd644a4c4e38efc0bb8d0f09e6daf2118b94262c573ea708,0.633371397902699,0.674085055300289,1,1,0.196601727800106,0.462012516561718,0.0194731708616018
0x5b00512a78bab3a6055d43207ea514f044b25b06c6e4e54b48befceff2c3ac93,0.6790307146615,0.777336838156147,1,1,0.249919857867428,0.4870291422876,0.0423169173300266
0xbad3925d76bcde46021b67bf59599f9655d4529682fb21e0ee1a9d27a388e460,0.445297273074531,0.211393509302673,1,1,0.049971469670664,0.302969390662464,0.020554069429636
0x51ba177ae85e58133c5910e7c3a5d027d2edfa67d10e5e3874c323b88ecc377a,0.387015654760993,0.0817049058499346,1,1,0.0333099228899345,0.203609229893701,0.0011070225154981
0xcd15358ed1cf3014bb4e88cb1229056cd9a0e81b7d29ede43a4e689e9a97b7a7,0.387135238537274,0.0906805442418155,1,1,0.0116547760323224,0.192973742776894,0.00754699530079961
0xce3cdc7c29eb7dfc565f5d99034789e80c1cd3278adafa26af6f3d21c8412c59,0.513897889128652,0.39981124025958,1,1,0.0916086392366419,0.317990810517738,0.0160478316247463
0xdc5c56869862f7da6527ec68da9d8e1e04ccc3ca16a6b3ebe8f714432d505245,0.426027587095283,0.156570761792952,1,1,0.064958370068745,0.292288533093861,0.00728909531608224
0xe15fa959627871845f2f5bbfbd7529e6d2aff20ab14ece743f11641700bd7188,0.697994978745334,0.818176645527215,1,1,0.293249409740542,0.498136206826375,0.0360392555594444
0xfddfb8cbcffb27f9f4564a3a5b0a8adb35bea104afc15d6af49fc004dd7441b0,0.646275264071607,0.710460109729777,1,1,0.196605236072336,0.455059677886986,0.0334321334958077
0xe419162da24761275b7b7e9766f3136ddfd9bdb3c4bff13be685197eed11a3ba,0.680831397400113,0.759062190080379,1,1,0.296586875807304,0.528281964180043,0.0254271663725376
0x2606d459a50ca4920722a111745c2eeced1d8a01ff25ee762e22d5d4b1595739,0.222226161985306,0.000461677371485058,0.327953159809113,1,0,0.00655044549712851,0.000170329949469306
0x108a52c403fe206bafb34ce1880138f22591f82b0f45c6c77de7c8787dc6a834,0.217536360000162,0.000229529907360276,1,0.304648220539093,0,0,0.000166408877703361
0x353a710d9a52a919a5d7220211f11e7851cf99f1243373376c8eb2e48a94b396,0.42769408191385,0.179522776894516,1,1,0.0366352594374793,0.272641761578386,0.00140138552524149
0x47da1ac72d488f746865891c9196c1632ae04f018b285b762b2b564ad1d3a9e5,0.0994632573957439,0.000521310964048012,0.344632029533386,0.250585854053497,0,0.000625782227784501,0.000152776061440818
0x0e655a77d225838499f340f5ad928acb0571b8f0e6f6fde87e0ce5f3856422d0,0.578994043120697,0.597281216651715,1,1,0.0699561592432892,0.336910549046837,0.0122360298410058
0x03c73a343b5a481c9431af2f4a2146a0e77522a23e5cca9b2ea024778589967f,0.702124842893447,0.957681902265261,1,1,0.121631695109124,0.293578354217259,0.0308678299188614
0x91ef02e6a99bf97cf5ff54d7084736f826fb280b1af14819c4d86a63c4145099,0.228364371557236,0.000402105760926234,0.500387132167816,0.865141749382019,0,0.00560946386509016,0.000170329949469306
0x4eb093c25d111efa1e8b7f6dc32cc47573c4651b6ea2e30d74bf2449c796692f,0.178565124124276,0.000377547216550693,0.394690036773682,0.672104179859161,0,0.00560946386509016,0.000152776061440818
0x51988f56315afb8417c48948092fb6c6b1007b52aac98e71b21010ddeafea95c,0.241237142478906,0.000359321730720618,1,0.446593075990677,0,0,0.000166747835464776
0x9edb3c12cd3d3352ec56c8222aaa51bbec3e47b693deb9ffa3bcd0a0060a420c,0.333378198165215,8.83415774863367E-05,1,0.999991059303284,0,0,0.000152169799548574
0xd0c23f115c66a060ffab78c91c6f9085db5af6257a72858b7fd4def6b7735617,0.113679031554068,0.000636041464254486,0.398879736661911,0.274781823158264,0,0.010557999098661,0.000152776061440818
0xa17fdb804728f226fcd10e78eae5247abd984e0f03301312315b89cae25aa517,0.299263953830918,0.00010028571847027,0.996757507324219,0.796031534671783,0,0.00373357228195945,0.00015768145385664
0x9215b87e49fdd5b0e9fd4688f2d315dfdefc73655be529cc68aa3547f8828879,0.70030415389931,0.960017538798967,1,1,0.0933044739464781,0.313500274415094,0.0158800203353167
0x83cf8aae6477932bcbde5fde814f8ca40c5acec4db04f5924c8f166401d34985,0.712121423680426,0.966412258880442,1,1,0.129893852367189,0.349094354196456,0.0308678299188614
0xe118170da24b23a7b05cffbb830fea48ca8b64bc5a0217322c68c30952004cab,0.703373947630651,0.963673579125173,1,1,0.104970502180086,0.318494268784936,0.0158800203353167
0x903d88a92cbc0165a7f662305ac1bff97430dbcccaa0fe71e101e18aa9109c92,0.119709251221144,0.000100289161220973,0.355474919080734,0.359144032001495,0,0.00498368163730566,0.000170329949469306
0xe4dbeba25b0c0d67f8ecaff5ec7c0a9569ddc10c817ab6815d5bc3dfb22e9ec0,0.235947556691172,0.000143914185634266,0.999999761581421,0.415292501449585,0,0,0.000157873117132112
0xf336ff5c7465893a87c79ac514abe2e3fac1b3e06cbe185c00ea6af18d4e7a84,0.144577942697787,0.000423381964866514,0.415537655353546,0.447230041027069,0,0.00560946386509016,0.000170329949469306
0x167c97b5897d11b23a6694f30acb71e8deead771d22fe88aee04ca8696a2bffa,0.33382585799223,0.000182326616188715,1,1,0,0.00373357228195945,0.000152169799548574
0xe09d350d8574ac1728ab5797e3aa46841f6c97239940db010943f23ad4acf7ae,0.163986956682388,2.16004054770153E-05,0.566120088100433,0.417656630277634,0,0,0.000152776061440818
0xe2912b8bf34d561983f2ae95f34e33ecc7792a2905a3e317fcc98052bce66431,0.219657258963919,0.000159469434977702,0.317524343729019,0.999998450279236,0,0,0.000152776061440818
0xa6d90abe17d17743a9cecab84bcefb0fd0bbfa0c61bba60fd2f680b0a2f077fe,0.128232249758272,0.000502995049249978,0.209891378879547,0.555095255374908,0,0.00494853523357087,0.000152776061440818
0x12fe79f1de8aed0ba947cec4dce5d33368d649903cb45a5d3e915cc459e751fc,0.227079520600321,5.78091023795715E-05,0.512494683265686,0.849348187446594,0,0.000625782227784501,0.000152169799548574
0xe8277ef6ba8611bd12dc5a6e7ca4b984423bc0b3828159f83b466fdcf4fe054f,0.734580716363756,0.979607741407085,1,1,0.15663272869374,0.484439979659585,0.0313305146992207
0xb3f067618ce54bc26a960b660cfc28f9ea0315e2e9a1a855ede1508eb4017376,0.707158200729605,0.960058517050226,1,1,0.134970113920447,0.319450053137277,0.0298280883580446
0xca1bbf3b320662c89232006f1ec6624b56242850f07e0f1dadbe4f69ba0d6ac3,0.707172697527723,0.958421667781056,1,1,0.148298982463282,0.309429762919651,0.0315605290234089
0x9235e0662e230bdfa94f56f4932fd09a95fea17e4b9b44a4f40a59449e216110,0.711721222539488,0.972715513660239,1,1,0.1432647659657,0.325320622219394,0.01875907368958
0x28a934816ed0371a3fbb2f89986eecf87a22937c40309ff2f58697792215b4da,0.341079195077747,0.00520950137208649,1,0.998965978622437,0,0.0548125280834737,0.000822755566332489
0xa245deda8553c6e4c575baff9b50ef35abf4c8f990f8f36897696f896f240e3a,0.728206474145544,0.977204248151526,1,1,0.188290394442853,0.394079691838245,0.0398754365742207
0x242a0fb4fde9de0dc2fd42e8db743cbc197ffa2bf6a036ba0bba303df296408b,0.706047531592405,0.958378170008418,1,1,0.138302982363333,0.309429762919651,0.0315605290234089
0x589e9a809ba14ff30fa22333f2432c364377df9ebf2681b6321aaca3028ff613,0.355791827125531,0.0224383073721683,1,1,0,0.133062195654729,0.0017493263585493
0x4d52f0dad3ddb7ac5523c51a75a9acd47b244e536b240d692784305b69ca6ab5,0.340641569269954,0.00636175284732921,1,0.994035720825195,0,0.0548125280834737,0.000822755566332489
0xf356d1b05d26de824baddf1a575a33dcf63e2ecec2a0eaa37b15653b94845b63,0.34036131867893,0.00448799265217843,1,1,0.00165764349400892,0.047664486506807,0.000465760153019801
0x92cdcc732eebf47200ea56123716e337f6ef7d5ad714a2295794fdc6031ebb2e,0.339298458442439,0.00275091005982916,1,1,0.00166552959833938,0.0433264174411094,0.000441448763012886
0x2cb7206f1067df3e9e4b9e5d05139c4a907f69e235f3ce0f64e424a874c65d54,0.339077357456366,0.00321726256058576,1,0.999999642372131,0,0.0416112707140078,0.000433695153333247
0x46c001fb4149c2381196c8e1428d966dc44dd46061f8ecf8383a5363adeee312,0.337686585011786,0.00196504014406619,1,0.999613583087921,0,0.0337080764088653,0.000155783040099777
0x0729eda09a8b5743d7328a717019d51b2a05634d6fe764d5213fd6fb3e303f59,0.340385540113801,0.00376006212398886,1,1,0,0.0520304855181073,0.000159189134137705
0x57ff54bda419773a31653fe63dbb00981b6e971b4c2b2b650c2f10b4342f8464,0.339025847699926,0.00206888150603942,1,1,0,0.0448667956470778,0.000159189134137705
0x606a49471ebcb608bf034abd982750d626b7eaf45a963118d5aae5baae4a2da2,0.339198679431723,0.00250251196634542,1,1,0,0.044847085144333,0.000433493842137978
0x047056478cabe20b7c32a85b34f558dd90e7b3235b77d1a4342fdc15b74c910f,0.65010881912964,0.73087450390048,1,1,0.213255851246325,0.422166172192635,0.0229338370263577
0x602d810c47a9022b422cf2fa32ec973f887a72df78d40e448d511e82eba5a38a,0.131231286101678,3.61211893646912E-05,0.431250065565109,0.355963557958603,0,0,0.000152776061440818
0x65a92b189e4ae0b8a8a02cd59c5e9f6832586bd5167d41a24eb4f4d2ac692755,0.333356455169727,2.51754802277362E-05,1,0.999986529350281,0,0,0.000152776061440818
0x728c9bf98fcb1f35dd6551fb7a411e841570d2f73ac408916698cecdcffde36a,0.337258813081219,0.00260829853855632,1,0.99999988079071,0,0.027344593977465,0.000160006951773539
0x909f5000636dce99528ab9a14475744e481a6b4e060fc693cf6e0fca48fa7deb,0.383943627064462,0.0805572851000695,1,1,0.0133124195263313,0.192961373452818,0.00754699530079961
0x96436532daf9d1028117945315c565b310f76a2d94e6d176b1aefe5cb0be9144,0.333255205170401,2.0115377868586E-05,0.999999821186066,0.999388039112091,0,0,0.000154709952767007
0x86fe6933f03c14f75167e560e6635a23fab59b268e68c86d60c4d46afe0aeabc,0.338584174829801,0.000596431683885136,1,1,0,0.0453124203467799,0.000155858069774695
0xa67d8a6d59dc258e74a93a22abd26d49d159fb123dbe243d3c5b6b41a499086b,0.338917036100354,0.00297279440611875,1,1,0,0.0411749347330521,0.000160006951773539
0xd82fe84e63b1aa52e1ce540582ee0895ba4a71ec5e7a632a3faa1aff3e763873,0.140302121206905,4.8642908242101E-05,0.516448974609375,0.325164616107941,0,0,0.000152776061440818
0xa63052e97b989eecd789b76f670d6a5ed8a72334ce99831a36d7a642b087537f,0.338810602994642,0.00159587954603899,1,1,0,0.0443520052735587,0.000155783040099777
0xde084e8c7cdec910d17ad7aeaa24a2973fc8c36add6d83a42de15446ddaaca5d,0.245341855419833,5.44126706701325E-05,0.57231467962265,0.899108588695526,0,0.000625782227784501,0.000152776061440818
0xaa88931369fc09f507c9a02b9ccbc6bec1eca83845745ceb551c1f9fba157c4a,0.424773586270848,0.176396860092898,1,1,0.0283073194257056,0.257503710762187,0.00796066597104073
0x48164d3adbab78c2cb9876f6e17f88e321097fcd14cadd57556866e4ef3e185d,0.234395190221353,2.97168359095687E-05,0.98318338394165,0.41966113448143,0,0.00504796308490613,0.000152776061440818
0x491cf8b2a5753fdbf3096b42e0a16bc109b957dc112d6537b1ed306e483d0744,0.213270426206973,0.000177411230892558,0.312502503395081,0.966651678085327,0,0,0.000170329949469306
0x82f47783e8d3029767090ed9a5ac3e2774d04b8fe908c9ca1f959d1b8c6a83a9,0.128868141614882,3.93722363455316E-05,0.464695900678635,0.308332324028015,0,0,0.000152776061440818
0x77bb83dd9b25a0af12c0092993ddf1a2f54b77fbcd1dbf1bf33a965ec707268b,0.277820702589905,0.000283825179266638,0.763442039489746,0.90239542722702,0,0.000625782227784501,0.000152776061440818
0x636be30e58acce0629b2bf975b5c3133840cd7d41ffc3b903720c528f01c65d9,0.332116661876779,0.000104823583858786,0.996676325798035,0.992806315422058,0,0.00435935450974395,0.000152169799548574
0xbce5b8548db486c561948e8a177c8ccaa72810f972cee3909ea50af015a60ad8,0.253561420253007,5.66558532532517E-05,0.949383199214935,0.571353375911713,0,0.000625782227784501,0.000152169799548574
0x758efef41e60c0f218682e2fa027c54d8b67029d193dd7277d6a881a24b9a561,0.3494175203924,0.0397429266654341,1,0.99975860118866,0,0.0257254831753314,0.000165518576977775
0xb569340f147cb6d5722490221ba65950a870aaa4db6ab835b8aa128c5dee36b3,0.345024821802798,0.0292451260839201,1,1,0,0.0173284772068063,0.000159540766617283
0x2619570088683e6cc3a38d93c3d98899e5783864e15525d5f5810c11189ba6cb,0.116855413339356,4.51293844072849E-05,0.244232088327408,0.456708252429962,0,0,0.000152776061440818
0x42b2ec27c732100dd9037c76da415e10329ea41598de453bb0c0c9ea7ce0d8e5,0.392589202154175,0.106427473615014,1,1,0.0133171298383741,0.193012590353532,0.00769067835062742
0x663b55a1ee992603f7636ef23ff5cf19d3b261ab81494d06e218c86482df5342,0.353169485155942,0.0242330340079571,1,1,0.00166589225189011,0.103400860058081,0.000759512069635093
0x7f78389cdc19c59c402fa9dddabcdbe7b9e6630f124362a764c0826ac863903c,0.336246043566713,0.00738995249072868,1,1,0,0.00388644202456439,0.000158092603669502
0x56e09abb35ff12271fdb38ff8a23e4d4a7396844426a94c4d3af2e8b7a0a2813,0.718712908310346,0.974868772687172,1,1,0.123269346958809,0.406440179822342,0.0141003299504519
0xc27c3ec61c61309c9af35af062a834e0d6914f9352113617400577c0f2b0e9de,0.705111822096295,0.964220843268245,1,1,0.0999703235906423,0.326066275376526,0.0273072700947523
0x39328ea4377a8887d3f6ce91b2f4c6b19a851e2fc5163e2f83bbc2fc136d0c71,0.3338008758111,0.000107380072796907,1,1,0,0.00373357228195945,0.000152169799548574
0x48e69dd7ff3e0c728e818bf26d031f4989d3c3018ec464a18757825634cf7e3c,0.326518988918894,5.4943683905458E-05,0.972762942314148,0.985722064971924,0,0.000625782227784501,0.000152776061440818
0x871ce0518bef66595ad5885a07d5699cbc71bffa7f8be732fc2565d087cb78ad,0.254688128664716,0.00116371832648837,1,0.525694727897644,0,0,0.000159911156515591
0x27ca5fbfb8d6b21c1d90ba8982bd3195bcb62d844b810046d0f38e9814191e1c,0.384818923756808,0.076492272353703,1,1,0.0133124195263313,0.213142174015012,0.00743890320882201
0x725f0d65340c859e0f64e72ca8260220c526c3e0ccde530004160809f6177940,0.276069262398457,0.000188817261559029,0.926697075366974,0.729229748249054,0,0,0.000166674377396703
0x46567c731c4f4f7e27c4ce591f0aebdeb2d9ae1038237a0134de7b13e63d8729,0.708445625308458,0.964190825603823,1,1,0.13829971133571,0.313577910605536,0.0315605290234089
0x3cdafb178b8c1d48b32d8644b729a387d7cda02186fb3572a0dbb161d7bd082a,0.699695918375623,0.957583099871944,1,1,0.126636873252717,0.268049004154012,0.0298280883580446
0xd20b3b31a682322eb0698ecd67a6d8a040ccea653ba429ec73e3584fa176ff2b,0.697270762869153,0.945641532004993,1,1,0.0849398116107474,0.339965555984746,0.0136069022119045
0x1ae40f26819da4f10bc7c894a2cc507cdb31c29635d31fa90c8f3f240f0327c0,0.30213227628203,0.00103577881439958,1,0.810614943504334,0,0,0.000160734838573262
0x900891b4540cac8443d6802a08a7a0562b5320444aa6d8eed19705ea6fb9710b,0.274002734286013,0.000114482067451819,0.93689751625061,0.706783771514893,0,0,0.000159230723511428
0x90db330d9e46609c9d3712b60e64e32e3a4a2f31075674a58dd81181122352f8,0.26492375956712,0.00186791533316777,1,0.58281534910202,0,0.00432376340366655,0.000163213640917093
0x3d154d67c1565920bb156abd92cd06d2b348233676bb922b3f4a5097639ef744,0.71322811430721,0.964295797880197,1,1,0.164890308993508,0.329714797107381,0.0315605290234089
0x9fe5ea5b2cb2e93cb0d85ebfd7b5825442f894b85518e8d61877ae371fa31016,0.725886859667655,0.965388236081711,1,1,0.204890576433995,0.339529433062686,0.0923970192670822
0x085c0170a156a7f354f56eb6817db667dd07464df56dbf377f188cb2488cb3d8,0.343466037487946,0.0274917118961276,1,0.999799609184265,0,0.00885941821026671,0.000160369716468267
0xa0dcf9b177702c58c5d0353aff2caeab12589bce204fb2d0e62ccbf5717f1798,0.542843505024848,0.466675048663535,1,1,0.109940363395298,0.357674441172086,0.0179515946656466
0x31851d894249339d2d9319141e37219b3e03a99f8b483d47758c1e5ea143cca4,0.718615747062602,0.95667534828072,1,1,0.176599257085573,0.408236174209655,0.012680247426033
0x4a669edc261091ab46cb430dba1c958be8894902dc08d6febb36f509182adc1d,0.486455156207101,0.324387537895858,1,1,0.0682924852308164,0.312668736049369,0.0239725708961487
0x213991ca681019f599f8f52a25ab6a5e39e690eac2ad206faf24f0c549e844c7,0.692833050203022,0.957606587077609,1,1,0.108304324512185,0.233136542210454,0.0212368238717318
0x638a34cf0d0dc4da94c057f51e2a930f45eabb3535634b893815bfe547ee9d45,0.50285669290259,0.356372664607024,1,1,0.108282493465366,0.338224662498647,0.010085086338222
0x9ceb4698eb09e93d232e10557c3932e1e74b5d8e78170b5034512aa0a8135970,0.315811646488676,0.00249512986750782,1,0.888136148452759,0,0.00245242299391807,0.000162783122505061
0x2bb6d2ca3b52a01ff9ec01c931f68762ded9a05693ea65d911a20602eea02763,0.349566948420021,0.0128778514302778,1,1,0.00499879720656516,0.101196721268273,0.00127346301451325
0x6c3cf48e9c8b22f60fc2b702b03f93926ee8624639b100fe851b757947e61759,0.358588636804151,0.0632422586257391,1,1,0.00165764349400892,0.0357278455965167,0.000185466269613244
0x44037ffc0993327176975e08789b71c1058318f48ddeff25890a577d6555b6ba,0.339530903453785,0.0035222818049405,1,1,0,0.0447775905159097,0.000433695153333247
0xf1cdc6430a3b6fa0c64c552d47b2b87ee2eac1b80b586f933aa679e76653e526,0.68398953162954,0.938308183818727,1,1,0.0799861816427092,0.229872182686339,0.0311228688806295
0x7b67e39cd253724372d67da78221a38eca98d2a6b69027a89010bca2101dd02a,0.679852551702545,0.934240568615481,1,1,0.0716538402411574,0.215445625156358,0.0288517940789461
0x1aaa35712784713d9ef40bf4848132cc031ce04611d7837649a7f0bf3e03bbf5,0.699595038994742,0.959560910097039,1,1,0.10497017121928,0.283313384683271,0.029389064759016
0x14ae447e0dce7cc6e5a0256a91cc16e1a85104f96590ff23fc72c58b57165162,0.690806748903298,0.949370874131249,1,1,0.0949772663059501,0.248381592428369,0.0257892590016127
0x1a595d10be428e49dd3558859743fe4bc4570545a55d357f405bd630061c6be0,0.700303557389409,0.956962571249976,1,1,0.126635012566713,0.273648761164631,0.0315605290234089
0x45bf5d11f27e0ac56f893d45bf5b02fb0f0e9d5e0d2e7af60f2a01c40e3c761d,0.706009053523708,0.958025127801699,1,1,0.13329836177579,0.329111895914469,0.0175958406180143
0x2bda71f5b6c6a22a8d74bfd96fb7a9f5b820c707120b2a43f1698b3603767e7a,0.707584246263604,0.959579205677084,1,1,0.14822457229793,0.309735498019842,0.0315605290234089
0x45d93aa6b24ac2c6606d81ecae3d8ec5609772cfab3839661d3ae7319e3763b4,0.70921384135821,0.963187207619169,1,1,0.148224555837187,0.313577864505788,0.0315605290234089
0x61092c396208c4c74430967e6061e9031ef80adcbb4cf64e58598a9e6b608302,0.697107600803879,0.959681839211603,1,1,0.0999701712192795,0.269307056281699,0.025645662099123
0x5e989304b1fb61ea0652db4d0f9476b8882f27191c1f1d2841f8977cb8c5284c,0.707539169084338,0.962461682436606,1,1,0.143227185700522,0.319644448130687,0.0175958406180143
0x9ac08d865feefeb644d34533fe59fbf144e55fa2def302ede1e966a6b8ab025a,0.700343504893324,0.962728006933175,1,1,0.0999701712192795,0.289291689921985,0.025645662099123
0xa194eb8e4cfb8e25a01f15d8ef98c49998b89d336f99a3de5108bd57c580fd02,0.702057195812732,0.963040168785012,1,1,0.0983041091991538,0.314627129669244,0.0164630170911551
0xa8289dbe3e49e9c5decaabd3777d9ad60a7b06863539b4948dd17e58a65f3e15,0.681233316515076,0.938520901517948,1,1,0.0833183055070328,0.20336704449586,0.0288517940789461
0xa64b650d1f3fbdbc6cabe439caf3bd9d375f45b02f5cba77f24285b300017692,0.693617116239474,0.955250895717579,1,1,0.0966368378859462,0.25340062372741,0.0267638973891735
0x6506f43d8bdf16c391b5f24d47f5efb3822f8c6710e40f6c1297839e1ebe66c0,0.246565646814219,0.00058677517672437,1,0.478115051984787,0,0,0.000157873117132112
0xbffcf01e5aef5d5fc82f9ab7bf78110e3479dffc8f4dc503f663c6b47b9992a4,0.690604726697472,0.95261262889893,1,1,0.0899728905632688,0.238242698258174,0.029389064759016
0x25800d105db4f21908d646a7a3db849343737c5fba0bc5701f782bf0e75217c9,0.110517944594774,0.000490549604074757,0.354807287454605,0.303501218557358,0,0.00557431746135537,0.000152776061440818
0x46deef0f52e3a983b67abf4714448a41dd7ffd6d32d32da69d62081c68ad7882,0.246347454945378,2.12117946260035E-05,0.999798834323883,0.476970821619034,0,0.00175487856240357,0.000154051944264211
0xd9870068e40f8d7c4d58b87802c4fc830acbd90ff3e44460747c3a0727dfd3df,0.699741788843281,0.959850576468085,1,1,0.0966395572299355,0.310257092538262,0.0112277204170823
0xb61413c495fdad6114a7aa863a00b2e3c28945979a10885b12b30316ea9f072c,0.201489817355823,0.000167879415071073,1,0.208084106445313,0,0.000625782227784501,0.000152776061440818
0x847b8403e8a4816a4de1e63db321705cdb6f998fb01ab58f653b863fda988647,0.211455229437592,0.000186718803302796,0.281861454248428,0.986382961273193,0,0,0.000170329949469306
0xa284a1bc4c7e0379c924c73fcea1067068635507254b03ebbbd3f4e222c1fae0,0.10280860289148,9.9471687548968E-05,0.279506713151932,0.337032437324524,0,0,0.000170329949469306
0x260d5eb9151c565efda80466de2e7eee9c6bd4973d54ff68c8e045a26f62ea73,0.399844304274365,0.110986417086948,1,1,0.0216487393419815,0.23796313922224,0.00602760864421725
0xbcf316f5835362b7f1586215173cc8b294f5499c60c029a3de6318bf25ca7b20,0.238036010737622,0.000353019847943127,0.426990926265717,1,0,0.000625782227784501,0.000152776061440818
0xacf84c5944f662a4fcf783806993d713a150994932008e72e4e47a58d6665f7f,0.338603011399322,0.0113117058877118,1,1,0,0.0133295096249208,0.000162475305842236
0x444854ee7e7570f146b64aa8a557ede82f326232e793873f0bbd04275fa7e54c,0.706140567898112,0.971168185815461,1,1,0.126630809339599,0.296306793054697,0.0188229512423277
0xecb31ff694c0e6c5e5b225c261854c0749ecf5d53c698fcda61f2d8e3db8f9fc,0.388523284507789,0.0812521893182258,1,1,0.0249987233221601,0.225978946452525,0.00197532284073532
0xc3f70057e261af554c6acf6a372389899f0c2d7d1ebd27311e39525dee88fb39,0.33932546856641,0.00466662853594107,1,1,0,0.0392165928264385,0.000712738663423806
0x04975648e0db631b0620759ca934861830472678dae82b4bed493f1e1e3ed03a,0.244378001560372,0.000182863728275328,0.999695718288422,0.4661023914814,0,0,0.000156213500304148
0x62734ce80311e64630a009dd101a967ea0a9c012fabbfce8eac90f0f4ca090d6,0.336628298147397,0.00704128562782855,1,1,0,0.00837434531850713,0.000156481124577113
0x3947e5a4d98104e313e08ee321673e1183db3d6ff8b7207f3eabb36f71436c1d,0.326738662984847,0.0033310349397317,1,0.949143052101135,0,0.00677618639758462,0.000164097495144233
0x74bc4d5dc7f8da468788da6087bb9f73465966ab5b8cf9cf1053d98e78a9bf96,0.33471140822399,0.00182371948900596,1,1,0,0.00677618639758462,0.000155329151311889
0xb0688eb1f46c28f36d7397366146fced23d3f8da7e08b760a5f612ce134ee9d2,0.330991938188045,0.00196791131527021,1,0.977390289306641,0,0.00677618639758462,0.000162089389050379
0xb5c94efa0c8fd8f5c8cc2826e374a99620b01061d395b59b8f45dddc9fce1c60,0.334487329843718,0.00125428860401667,1,0.999790787696838,0,0.00677618639758462,0.000160734838573262
0xc69b4c8029c70ae468e92af31120ac6b01bb89c6e35d34818413e9942aedebb6,0.326468380378879,0.00166235584700738,1,0.950860023498535,0,0.00677618639758462,0.000162134223501198
0x9ce5187c7160f531189e4765f21af5975dc2a62d961fb61ae09866d082918256,0.334816949503323,0.00213807496960754,1,1,0,0.00677618639758462,0.000162134223501198
0xb16bbf03d324b66685c94d62dbe31c739ee23c114b3915d169c74cd7c98eec8c,0.229253466430644,0.00262229883201321,1,0.365650624036789,0,0.00677618639758462,0.000162134223501198
0xefcb740bf9ec17ed99839ffcc05393fae5ec2d44149aee91ba119f48bc20a1ef,0.270717820421173,0.000139696805276367,0.998326182365418,0.625591218471527,0,0,0.000165281526278704
0x33bf669d125d11c432ac9b52b9d56161101c072fd8b0ac2aa390f5760fb50ca4,0.126886786877104,7.8947269019641E-05,0.349315881729126,0.405045598745346,0,0.0100316447222118,0.000170329949469306
0xb2335f7bf58abbcaa006d0a2bed7db2c64a5dabed56fb1759260adc012c49abe,0.332147595894933,0.000220795528914524,0.99116051197052,1,0,0.00175487856240357,0.000170329949469306
0xbcb1e5f7e432cf899af665b3c9f87e24337d3570e68fa7e211c962eadd83ea60,0.333971458963454,0.00149217070858088,1,1,0,0.0011119017968331,0.000154716748511419
0xa05f047ddfdad9126624c4496b5d4a59f961ee7c091e7b4e38cee86f1335736f,0.341507085836259,0.0196889131403276,1,1,0,0.0143357727971129,0.000161260308232158
0x5ce2cf51f0e6e099c33eabb84561cb01a1acb2c9fc26c5388cedec0e4292ce99,0.335927132660359,0.00572451162122701,1,1,0,0.00601639310571624,0.00015426597383339
0x4858abc51876e1de9f506f34799d4f1852b4255f467b9e1f40951c631ddfa747,0.265281312593515,0.000169395408854409,0.999570190906525,0.588770866394043,0,0.00435935450974395,0.000152776061440818
0x4f43fc6d674e85f7d306debb4a3d48e7688c2fe5a6332dd9ad57558a15c86ef9,0.349825360793958,0.0451896508586958,1,0.999931871891022,0,0.0127960575629879,0.000165518576977775
0x691c8070749f00a5a5be3135d3912ff97d0dad05a0fb2b77b235aaa13260f002,0.224175048836347,9.78127328812899E-05,0.655047357082367,0.68928861618042,0,0.000625782227784501,0.000152169799548574
0x1f15a193db3f44713d56c4be6679b194f78c2bcdd2ced5b0c7495b7406f5e87a,0.261439441772707,0.000280562773459901,1,0.567968308925629,0,0,0.000160734838573262
0x57ee419a001d85085478d04dd2a73daa91175b1d7c11d8a8fb5622c56fd1fa69,0.342858708680709,0.0225106795257863,1,1,0,0.0180402123997868,0.000156127149239182
0x161a4e9bd777c81af4b2f2c4062281bf25ce460b9b04fbea83f09fba270c8b3b,0.217306091414025,0.000378738631137175,1,0.30296790599823,0,0,0.000166747835464776
0xfd89cdd0be468a564dd525b222b728386d7c6780cf7b2f90d2b54493be09f64d,0.377698259474615,0.0676585002948483,1,1,0.0099881820120617,0.178651908067913,0.00766874430701137
0xffbbd492e0605a8bb6d490c3cd879e87ff60862b0684160d08fd5711e7a872d3,0.356859853034759,0.0488492370535224,1,1,0.00165764349400892,0.0621415345285625,0.00139178812969476
0xeff836fa1ce60f04b94544fa424764101323f1f7c8ab8265b4bd34e9fa84f8db,0.739884204107889,0.981292886772607,1,1,0.231620114033408,0.408834792419041,0.0746242702007294
0x5488f6bbfabf7f1ada8e529c23dfc1fd129b4237536e9b5500b47d63f773e054,0.333480770654326,0.000390392616340465,1,0.999997615814209,0,0,0.000159334318595938
0x3b7115ec64ff17781478c36ac5972331367f43aee1678dc20e4afe8608a813f6,0.250488874142845,5.0259721710355E-05,0.999883890151978,0.502430260181427,0,0.000625782227784501,0.000152169799548574
0x354e1d2b418fe303d66a1eaab66d15535616042c35305c2464983e5c92645da7,0.209089094165963,4.40891386001469E-05,0.973970592021942,0.28037428855896,0,0,0.000152169799548574
0xff8e9226091d513fc936ecc670030eba03f34dbe60cd012122bd18be44248d32,0.347339653652669,0.013600983378067,1,1,0,0.0835557044420608,0.00169822829775512
0x44e7e2003f721929fdb58f50e673fa29496693b80d60fad494fe2322f007c0fd,0.252415079645911,6.86611790278404E-05,0.99999988079071,0.51425176858902,0,0,0.000152169799548574
0x5ce62b807b7c8c55cd7f1df4596a2d7fdd19cea012b3d1506a159902fa01c219,0.204636575621361,1.29399836737286E-05,0.902336716651917,0.325355410575867,0,0,0.000152169799548574
0x8d2ad51b548d1adf7500f4feb3ac874484d6d2ac9e71b1a13481cdef2e23f788,0.203672703619284,5.23823842737784E-05,0.908202409744263,0.313627570867538,0,0,0.000152169799548574
0xfdb93e00f3b1d24303db7f43eaa5ef50d3fde957ddeec7c0feb8c5497ba11182,0.122120025726036,7.71936461896689E-05,0.286207765340805,0.446244448423386,0,0,0.000170329949469306
0xd813751bfb98a51912b8394b5856ae4515be6a9c6e5583e06b41d9255ba6e3c1,0.230254713815778,3.27122483057682E-05,0.854242205619812,0.527118802070618,0,0,0.000152776061440818
0x9099c84152dbdc72d84affb257b51b5bc67e349fb4beb67c41e1a37491f3ed24,0.194737006016379,7.28259279442188E-05,0.933651924133301,0.234105855226517,0,0.000625782227784501,0.000152169799548574
0x040d78d3e759148121e85ebe164c45720187c554b06d27c16af05b886280723a,0.0961967757621533,0.000232078631454408,0.256243914365768,0.319953948259354,0,0.000625782227784501,0.000152169799548574
0x030a236d9583c2c1e737330bb23bfb622108d727ee1f4f902e94e174f68a9a25,0.145891668547052,0.000380997246021964,0.456128090620041,0.414637088775635,0,0.00557431746135537,0.00015989392704796
0x03e1fbe70dea5bf81e8785078c88fa9dff335bd0fe878467419c768d7690a754,0.194272663703255,0.000238534432602879,0.161179214715958,0.999756276607513,0,0.00618281868800695,0.000152269654790871
0x041877b765c0b93ebf58d187201d445be81fa12f6650ed981e36fefaa0596d05,0.161556389572878,0.000347882165540506,0.600447773933411,0.364377170801163,0,0.00557431746135537,0.000152169799548574
0x0740582f62f99bc7aa6fc6d766d8f28ad696c53fa7663c47cf1546a66b4dd2e0,0.156972460493032,0.000579037191310114,0.495694875717163,0.444880366325378,0,0,0.000152169799548574
0x05e48cbc7dcfb2a520aec53dae5fab1ecbab9c60e3095ed729b66aa0e2a6546f,0.167023940130499,0.000486469589605121,0.523256361484528,0.470773756504059,0,0.010557999098661,0.000152876324136741
0x090af78d681a440f025fea93fdde86690c92de82d5eba6ecb45939337f16ab41,0.178676433536191,0.000254615281358262,0.57195770740509,0.499073058366776,0,0.000625782227784501,0.000152169799548574
0x09eca40c8781655452f131f74662deb0a5d263b5b2e782bb4d3226782cdaaaf5,0.139208565291073,0.00060345511343058,0.541093468666077,0.289550513029099,0,0.00494853523357087,0.000152169799548574
0x08136799c9f7f15e4f76b4a764519e264e7c6e8e1abccc3fbc2dfbb8d27e4b9c,0.193425891118649,3.93080836163231E-05,0.673115193843842,0.487259715795517,0,0,0.000152776061440818
0x0a08edc9e50b8212b0dcf831627b768a12b5e1ca573762e770fd3ba115ee85b2,0.132334183348434,0.000365586348286352,0.382276117801666,0.410478740930557,0,0.000625782227784501,0.000152776061440818
0x0908bb9ec2d9d0ee84d5c489eac6f1d890ec3d3843fe79457c4a01c9570fd5f4,0.134978448782405,0.000183483057017004,0.307349801063538,0.501225709915161,0,0.0012401536029931,0.000152169799548574
0x0e6ed92a0a615ea28ec2941b872a021bb657e8f44d1a681869e76fe3415e2be8,0.129796691500281,0.000275299852491324,0.366224348545074,0.411486595869064,0,0.000625782227784501,0.000152169799548574
0x13c60df2f2c4c993c5dfc43d8122ed6ab456efed2ef2a30b4221e04aa87b3b5d,0.150564663383157,0.000468218939194541,0.514162659645081,0.384470790624619,0,0.00557431746135537,0.000152776061440818
0x13aba80ce0a19b0b8bc9072291d9987eb29eedc7a7c72b67e6b62d1a02c8b9d0,0.111646086276482,0.000363784234769279,0.33618089556694,0.329150021076202,0,0.00557431746135537,0.000152776061440818
0x170e2e59cc21effb443a9de63e851ace24dfc8628bf85183890f031d0f8ace07,0.173943537184501,0.000530858552820442,0.688049495220184,0.347409456968308,0,0.010557999098661,0.000152876324136741
0x15135e63a46fc498d97a1f22613aa90dcbc991a18be9bf925c3158e748f33c1e,0.155677720634476,0.000318475579644035,0.408570110797882,0.520631551742554,0,0.00618868883656397,0.000152876324136741
0x168717b758b824b803263e35edc3c4bf2bc82aa3a69497281fb5bcf25c525852,0.160926323328342,0.000411119260165591,0.268424451351166,0.695792615413666,0,0.000625782227784501,0.000152169799548574
0x1d1e122bec209f6cd60600ef5b4b7ff1d20b7eb8add76be16f3a306bde008d2c,0.128309647156192,0.000310168701903737,0.320857912302017,0.44456160068512,0,0.00557431746135537,0.000152776061440818
0x257b3a660ac84a459dc928b488172c356c062391afc89c29b6ecbbb4ccaff69b,0.159201374068189,0.00024362788496382,0.349224150180817,0.604978203773499,0,0.000625782227784501,0.000152169799548574
0x203542be4a32b64f4be02d1f6d83d57e46dc6d06fe16e0b19cb09d86b2c592a6,0.202764125101264,0.000281688485027987,0.480263441801071,0.735239267349243,0,0.000625782227784501,0.000152169799548574
0x1e25a08361548aecb15d7a5f0d415d33d2d1ee3b3785d32b7db701de2367332c,0.159563034406005,0.000482484887452719,0.591679573059082,0.36091560125351,0,0.00557431746135537,0.000152776061440818
0x27fb2dc4add95d8480ca5a038d6235b285e40121e0cc83170c63c47e988a5d19,0.134712227238141,0.000479600923965671,0.425792872905731,0.377698481082916,0,0.00557431746135537,0.00015989392704796
0x26e38e2bbadafcc8c2e3d193890d36d73b4397c1eccfad3a622d251cfe1dd550,0.115331791645939,0.000452334402284128,0.365929543972015,0.321338474750519,0,0.00557431746135537,0.000152776061440818
0x23233be812a0ad434d7d1044c1c8913753076ed5222668af4b48769befed5bff,0.163867240010893,0.00049577406697428,0.696692407131195,0.281696677207947,0,0.00557431746135537,0.00015989392704796
0x2833f8c6a03667987d7ff4188924263c540a4ce832bf80ae8ca3c4b7d001bd22,0.161932858707114,0.000300766290037895,0.625300765037537,0.345176219940186,0,0.000625782227784501,0.000152169799548574
0x2bea622b7df53746f8788055f451905f95acfb208fae35f5c31317c18943bd23,0.219268225785777,0.000318358098338302,0.376651525497437,0.937392830848694,0,0.0012401536029931,0.000152269654790871
0x2956d9ce4e7a7141d03357e25db9be859ec565c59a10e08a5aee398841b5e2f1,0.158125152035079,0.000364116973241042,0.626041352748871,0.321462720632553,0,0.000625782227784501,0.000152169799548574
0x2bb11346ee785442bd6a48848ed198e896154bba6a8e3341e185a3d6e02af14b,0.130354022794,0.00011775896458768,0.23684698343277,0.544523000717163,0,0.000625782227784501,0.000152169799548574
0x2d3ce93b5ae0d651d1f307b0215d6b550087b84377a471439d80139712ca78fb,0.159387396877099,0.000473155621934519,0.486953109502792,0.464602082967758,0,0.00557431746135537,0.000159998860908672
0x2e766cb5ec76bad7995bc1fe6d3776b32d2a9a773d37b60f8ca7000237c3193c,0.196609821627488,0.000251624238516103,0.735589921474457,0.439724326133728,0,0.00560946386509016,0.000152776061440818
0x2fb4e6a1e219e476f5f61d34984bf139c3dad47137fc2edc4a656453104c8378,0.126837807145957,0.000277252463284146,0.271109640598297,0.485545039176941,0,0.00557431746135537,0.000152169799548574
0x2f9e9f4a0ea7f59117b767254f76912518b8c25c717b79af5e4c64c5272e26f7,0.152721271508699,0.000285688121729318,0.609547972679138,0.302390217781067,0,0.00557431746135537,0.000152776061440818
0x2dd7950f238c1bb434a79001173444ff6b7bada88b42ab2d15ce3c823688740b,0.130150382694945,0.000326396257035536,0.444639265537262,0.331792205572128,0,0.00557431746135537,0.000152776061440818
0x3082caab9e1c6585a9940633372de427efc031db28b233a8f33bb45d18aab0be,0.161971004087635,0.000379171423831779,0.426458537578583,0.544090509414673,0,0.000625782227784501,0.000152169799548574
0x3115350a33303571a268df3c2743e452480e74ba3e63c1dbde4d7901419014d6,0.0980920651642485,0.000227378720703247,0.348769903182983,0.238808691501617,0,0.000625782227784501,0.000152776061440818
0x31a05a0200e7cedc337ed07194b55a4cd1735fc1a8a07236e92f2b17d7ee9967,0.15421322565649,0.000459287305215092,0.582306325435638,0.338236391544342,0,0.00557431746135537,0.000152776061440818
0x32fe04263c58e083724ffa8fc6c5fab22e2e8f7777547b7a1b8a82b53dcb03f2,0.146444914036149,0.000243873999032498,0.327280282974243,0.547083795070648,0,0.00557431746135537,0.000152169799548574
0x322f896e32959d4ab038c87b432067bd2bdf39a99295fe45a4c112fe489eb27f,0.133485825940963,0.000359498017337621,0.418920755386353,0.377457141876221,0,0.00557431746135537,0.000152776061440818
0x337a95499b4bae1c8ec17173859652fc45bffaff34bc383aa8bac888e882522f,0.131395110369809,0.000293029290020564,0.44330421090126,0.340662330389023,0,0.00557431746135537,0.000152776061440818
0x34645db04d7836db13a0a103c7a6322b26ab32b82c6e98578ba15ad520fb510b,0.152965613407619,0.000497077240778567,0.576356053352356,0.336625814437866,0,0.00557431746135537,0.000152169799548574
0x35d88faa10e96d1b30b150b06371b1160902d7f5dd03ac5e50b3e133cfa6292d,0.143910485238656,0.000376621376267363,0.552946269512177,0.305945307016373,0,0.00557431746135537,0.000152776061440818
0x3a781eea01243b83cda599959a102f87012492c58532baf1d0e9332741171802,0.140561330906322,0.000290703846642431,0.43215423822403,0.406814306974411,0,0.00557431746135537,0.000152776061440818
0x47b3ce9b32a4667d6fbb28d9dc67659c0efa73450adcb0e2629db16f61f201c7,0.14956509294051,0.000669960911964025,0.477272033691406,0.410581439733505,0,0.0121428225637107,0.000152876324136741
0x4794cb1578bb9a4f8a0cde0c245b1dced539d3298eea447caa9a9aed5d346e3b,0.143552413128003,0.000460076257456463,0.472827523946762,0.383748739957809,0,0.00557431746135537,0.000152776061440818
0x47ce6ed2359daea3ff236c9395fc7045cb4d0af6eb33436ed8bc6373c38bcfd8,0.148305305876186,0.000490571113919189,0.530295133590698,0.354732781648636,0,0.00557431746135537,0.00015989392704796
0x47dc96a2e1d35bd1ab5d6e4163981a46a2c30e3f8a1e64b99b22e920bd82b50a,0.202250352544973,0.000503857362752511,0.791371464729309,0.417304873466492,0,0.00557431746135537,0.000152776061440818
0x471478a8826ffa81b6593fa64d42e593b979c8bb3ec606ca9cb4a83fb6781293,0.173383895415751,0.000355970669084811,0.696199595928192,0.336251258850098,0,0.010557999098661,0.000152776061440818
0x3e7fd4c7ac1d2d5f55ac0b91a99cbd5729a29816b1bbdf162ac4cac05431d9a6,0.262033787098058,0.000246736707051008,0.592716932296753,0.97515082359314,0,0.00560946386509016,0.000152776061440818
0x4e1cb8892f6aaafbc986c8685b4466b768c4828f1b7fb52e71c303a670f2c91b,0.140275737828129,0.000424058732669782,0.417332172393799,0.419651329517365,0,0.00557431746135537,0.00015989392704796
0x4d4bd356ca46cbb795c6ef457124f7b1a204e5cffad25127fdccdf1ca88f6775,0.145829290923662,0.000193650471725226,0.443861067295074,0.430208772420883,0,0.000625782227784501,0.000152169799548574
0x4b0bad7cf226c1593391d4414dee5e06941c163563bd3ecd555a2dbda715895b,0.128223247445143,0.000295169798401577,0.472242951393127,0.292688101530075,0,0.00557431746135537,0.000152776061440818
0x4e3acc8e4412731b28c580e958f1b90203eecbf9ce25009ce6ef729946d02e3d,0.12920774516991,0.000350267911207869,0.37071567773819,0.400012224912643,0,0.00557431746135537,0.000152776061440818
0x4c4c984e6375da3306bf7094fc0df9cf3dd27e6159d68808db1d43fbc1ea54b5,0.14139463874163,0.000262353608856521,0.415790408849716,0.431534051895142,0,0.000625782227784501,0.000152169799548574
0x50d7145b0f67c44ef34ee96dd410430e20c8674a57d6ec898feb47942dc9e63d,0.12579314030713,0.000305016660195591,0.467627644538879,0.282703101634979,0,0.00557431746135537,0.000152776061440818
0x50105bd1a13d59bbf525ab2fb6feead5693ea485da55994719319272d9a2ea11,0.139111019929008,0.000340560652401237,0.460939884185791,0.369227051734924,0,0.00557431746135537,0.000152776061440818
0x4f27d420d5b5e95db1e5e960ede8c172237bc37be742c95b8a5846b1b745b260,0.131889030812604,0.000315966937528645,0.394942253828049,0.391941964626312,0,0.00557431746135537,0.000152776061440818
0x55deeef401fa86ee49be3c47d582edae9444e812a57d4ab68881e12a7caa2fad,0.124467774662857,0.000319718915989787,0.389230370521545,0.353118777275085,0,0.00557431746135537,0.000152776061440818
0x51ee3e4ff238c359b467758fea4742771e3dfefe45e5e04b0f60c0320aca1477,0.128832319270104,0.000179270698393601,0.42775297164917,0.341040909290314,0,0.00560946386509016,0.000152776061440818
0x54ce28f1b7bcc04b72675971306e2985d38c3e7ff0c55a5fb5441225cdb7fad6,0.153726772870488,0.000323784186041708,0.516654312610626,0.404540121555328,0,0.000625782227784501,0.000152169799548574
0x59e34349ec6bd50eb3a00fc384c5841fc3df68602a38b23369f23adfabc19e26,0.120569161604322,0.000415198395398815,0.324980676174164,0.393785834312439,0,0.00557431746135537,0.000152776061440818
0x5d713bf561a0715fe786cd6357dc207cde940ce88879a92905c48f5698cf5825,0.156919656920364,0.000352639754402579,0.461207330226898,0.479086697101593,0,0.000625782227784501,0.000152169799548574
0x5bfe0edb5efd24da5ade8ae63276192b1a318fd50522712e01a3a69c7c042537,0.118623539026354,0.000527440454204356,0.353783786296845,0.353084474802017,0,0.00557431746135537,0.000152776061440818
0x5f23c0e8ff52f2ebfdf753e3c1101fa0634268a5f19ed6d4bee1810ca6121231,0.141361507206331,0.000274920052119085,0.525985419750214,0.317815750837326,0,0.00557431746135537,0.000152776061440818
0x5fc379c6f5611faafe3a023fd638460506511fad14181de5637221b6f02e0627,0.145000450909335,0.000377137488769011,0.551526784896851,0.313903987407684,0,0.00557431746135537,0.000152169799548574
0x6331af88102f1f66f514f8078dc90d0247f99ca1a3e001c2c81c50745e807f6e,0.152589788213153,0.000492172263716399,0.519639313220978,0.391097038984299,0,0.00557431746135537,0.000152776061440818
0x6869927dc8b992aca41b5a2539b79644dbca2431c120727df232026555565e37,0.152964923294718,0.000318053516747229,0.467454195022583,0.449180573225021,0,0.000625782227784501,0.000152169799548574
0x680111b4a983f566d7c75c9f777e5642d5fe34e1c4e6e05a0a0665167beb8b6b,0.194380109587582,0.000282842171759305,0.725396752357483,0.43646502494812,0,0.00560946386509016,0.000170329949469306
0x673bc45361372524546331dfbb1e6e1b72dfdf4c881744901c91e6a47fd1d4e0,0.164595708367779,0.000313077830075187,0.334689676761627,0.651739716529846,0,0.000625782227784501,0.000152269654790871
0x6aa7a5c7b4a66b995adae369e1cfdd47845a64fa773813a45d125dfb00ae2ae9,0.133072954072252,0.000292736374598212,0.450525969266892,0.343484818935394,0,0.00560946386509016,0.000152776061440818
0x6c912996b8a5e68cf979128b56cc5366c91529ada7b2d27f350a62762dbb8ba0,0.109033749821457,5.87958379284462E-05,0.356271505355835,0.297711551189423,0,0,0.000152776061440818
0x6922c38c04e14c439ee241160d7dd4cb6c8cdeef40099dbf3dcc7a6a0c039d03,0.120298352331234,0.00044170595134998,0.417249977588654,0.299838662147522,0,0.00557431746135537,0.000152776061440818
0x646c40bd7e3ed91b590c8cecb800efdf5ec80fc822a2861427026271cbaffae3,0.193456209377623,0.00036341264913946,0.74134361743927,0.414825320243835,0,0.00560946386509016,0.000152776061440818
0x6f9b91196139c536f01a9d0dc0cbf8a956b50a4388c3034551f20fa29c6ffbed,0.116637093228698,0.000265323625123719,0.36586993932724,0.329603910446167,0,0.00557431746135537,0.000152776061440818
0x7569cf9282c9649da8279f1611510d9d3225c056cc725fac7aac67b820e84c26,0.182304893607418,0.000406437863520146,0.675140619277954,0.414058238267899,0,0.00557431746135537,0.000152169799548574
0x7290926f720c5bf0c4fffb759a2651120d99a5acabb3663b4049fc700b2ddb2b,0.180398247058301,0.000351634483856668,0.130882382392883,0.950285196304321,0,0.000625782227784501,0.000152169799548574
0x758e55eddb64c28b7c18523dea5f4ba675f1773a001ded5f431501d38bc566d7,0.128785143626064,0.000360469741663554,0.445083498954773,0.323088735342026,0,0.00557431746135537,0.000152169799548574
0x7c07bdf07022093587bec7fb2833a7aef68b887807556526015c722ae4148729,0.136296422271121,0.000264306130889031,0.537377715110779,0.27605414390564,0,0.00557431746135537,0.000152776061440818
0x7610ce806e5391434c4789339d97ef166d29ce56022d91d24fe59ea5a5229c8c,0.125838831998081,0.000233293507187229,0.364552915096283,0.386171966791153,0,0.00560946386509016,0.000152776061440818
0x761c304ef633ff8ca949d946574182967ad57f040e70de8f226fd835f1879357,0.176497224156606,0.00023795042624481,0.654208719730377,0.403779655694962,0,0.000625782227784501,0.000152776061440818
0x7c44e83c97e6db90b2b15f4a5751800a812808d290f2df5b1524821161556fee,0.128126820352638,0.000319528161692801,0.475195646286011,0.28910818696022,0,0.00557431746135537,0.000152776061440818
0x879552422016e1e02588b8e9028521dd51dfad89a57d668f607429a37800d08e,0.158915014418395,0.000654455807086742,0.601012110710144,0.347346186637878,0,0.00557431746135537,0.000159998860908672
0x7aaf4bcbdcf92187f208f30742a9dc633be389b90e4053e71c3e6fd50ec566ba,0.142646024246226,0.000360098279090416,0.479788452386856,0.371544718742371,0,0.00557431746135537,0.00015989392704796
0x83c8b422d15f0545cc5160e35fee66b3b06a835644403a95a42d3ce37c88c6e6,0.130636689049019,0.000322968435379341,0.403124272823334,0.376232266426086,0,0.00557431746135537,0.000152169799548574
0x80d9fce5a6b6fe163aa3eb2e2d76023edd9ff9699070e310f35a1aa3bddba914,0.127359929481363,0.000381262117268613,0.388280987739563,0.374597430229187,0,0.000625782227784501,0.000152169799548574
0x88e6d406e7806f6602af124aad23cbd47e5b18016454a1ab63cd6fbdb086a88f,0.143168569407069,0.000357580313743025,0.47310671210289,0.381371915340424,0,0.00557431746135537,0.000152169799548574
0x897dcb266dde450cb5955c36c191571f4a4531d5887593feb211e7ed1ba17f06,0.164425347239003,0.000464473750863075,0.628955006599426,0.35614949464798,0,0.000625782227784501,0.000152169799548574
0x927e4a7ca1ab39c45f5a6f02b427a91a88fc3bb817fcca3b1518f200fbc7d70f,0.129800709778109,0.000363529421997566,0.340367794036865,0.437190771102905,0,0.000625782227784501,0.000152169799548574
0x88fa7047d0d9fb205d0273b0d3d2f2195272b780ed06d240accbb5e01a1466f8,0.143203822003631,0.000351079283954272,0.478179186582565,0.376523524522781,0,0.00557431746135537,0.000152776061440818
0x89ec6faa54d5c2e59c9267cc33044c88fff7c96ad8d268832e1c17619eb72feb,0.10353574578023,0.000216774590544626,0.306362241506577,0.310601055622101,0,0.00557431746135537,0.000152169799548574
0x8b4c6dee1d4dc1c45911bb0e79e72562f6917f33a30f2d5391dd47bc588fbe8e,0.104683093331294,0.000268958612708364,0.38401997089386,0.239722609519959,0,0.00557431746135537,0.000152776061440818
0x92aa532bca8ad8f21cc9b20b0900e806ba9cf66118b83c266d5a463df9cd099b,0.15397461809873,0.000446179867562544,0.340024441480637,0.582412302494049,0,0.000625782227784501,0.000152169799548574
0x984fc20ed33ee6b96eb81d6c0ae18d9cfcc3cd1ae491a76c140cac4e33be6547,0.209908635151305,0.000360523870099111,0.774958491325378,0.479919046163559,0,0.00560946386509016,0.000170329949469306
0x9594c2a2bb6873ac45e43701287bf3cebbe9f4abae73f065ef99441c96abc4b9,0.15273349818391,0.000313510328653368,0.517459809780121,0.394496530294418,0,0.00557431746135537,0.000152169799548574
0x99db3d05ab01707a91c8c822871d2e51b15d0f0cacbe6b041d6f33d5368c999d,0.1670062250666,0.000501137731178359,0.538889765739441,0.458327621221542,0,0.00557431746135537,0.000152169799548574
0x9a7f63c42d255aba9248dc5d07a1b31a488c375bb85486efc6a61ddba9a9014a,0.187738117784774,0.000537268185394206,0.743790447711945,0.374423146247864,0,0.010557999098661,0.000152776061440818
0x93d93ef086a8a589bc31b52392543f4074ecb229101685384e9331b43fc1ebc8,0.128987216374225,0.000302847783920832,0.529580414295197,0.239919155836105,0,0.00557431746135537,0.000152776061440818
0x9cce986200cd9dd1ca91777b624d97fdec48801726b49ca9881ef82c5c144882,0.172666817855932,0.000482469940562404,0.539379239082336,0.495555281639099,0,0,0.000152169799548574
0xa2880956dd6bcd9cbb77936dc5976972e8f27b694fe26e69170defcf9f52663b,0.131947493278346,0.000258353249368041,0.464480131864548,0.322870463132858,0,0.00557431746135537,0.000152169799548574
0x9e13d36a7635234f6443c2558940981506c7cf74bde12ea16d505cbfda8baef8,0.138672971971712,0.000268041135830043,0.509214580059052,0.318469136953354,0,0.00557431746135537,0.000152776061440818
0xa00eb99fa76ec504b5d519df3bd9ca53d0f45cf6b3b1a42e86e5d15826372f8b,0.157345509522335,0.000369374233332559,0.624415636062622,0.315100610256195,0,0.00557431746135537,0.000152776061440818
0xa718ed2467bfae4ab2abde652631c7beb2243e1d652ced9d3d3d8fe26faf75d0,0.175236593160862,0.00030229940382576,0.669695913791657,0.377277493476868,0,0.00560946386509016,0.000152776061440818
0xa5b07e4791353085e6a4876d1f2e433efb12689b31c64ccff14843bc6303337f,0.126863838309784,0.000373889528248565,0.454066187143326,0.302550971508026,0,0.00557431746135537,0.000152776061440818
0xacbb425bc49486e5893f55d3eebd8937dae67bbf5aaacb45ffcbb14eb5600d93,0.13381249345478,0.000256245744641178,0.432979166507721,0.365565240383148,0,0.00557431746135537,0.000152776061440818
0xa7b2c40588e95943375ea12a2b508fe21f8ecca33ce0fc4c1ba9962fba2b54da,0.165137188304039,0.000361836258602729,0.599849581718445,0.386431813240051,0,0.00557431746135537,0.000152776061440818
0xab93a1c61811316f2d9667c60da7a5a50ff02fd499587633c7c9f5d0afdcd454,0.157291705233639,0.000422359274499341,0.526557326316834,0.41253012418747,0,0.00557431746135537,0.000152776061440818
0xb091035fc7a25fba1f75b0bc64a929ae60c42c7e226b1275362518e3a78ef3d0,0.158989749405834,0.00024601695751642,0.224771648645401,0.72815614938736,0,0.000625782227784501,0.000152169799548574
0xb1a3d4a920bdc094aa41ac8a66195d5aba5bd1d36db6c2a87ebfbd138ab9a803,0.139261057324513,0.000396530596380371,0.458023577928543,0.37293204665184,0,0.00557431746135537,0.000152169799548574
0xb1cde0cd5f853ba23e5ccfa30eb0a395aa246111eb4c4e663503570eb63dabe4,0.15023470859373,0.000430311916543964,0.580047369003296,0.316677421331406,0,0.00557431746135537,0.00015989392704796
0xb3dc8a64123d31b8bfaa97143ff4a0a6d36a0ad25090e35c3662fe0cb89ea945,0.157185766820207,0.000505921712123009,0.533931195735931,0.404353499412537,0,0.00557431746135537,0.000152776061440818
0xb51ed6edb44a880dd9d9322aa11051e7fb66231674f9e97182fe6e7c91aa1b81,0.107410956497615,0.000316967410716714,0.335189640522003,0.308123528957367,0,0.000625782227784501,0.000152169799548574
0xb29c9d6f8d376fbbb3349dbdef25fde684d4632a705d378fb6a2ae8aa3439ba7,0.162293118706718,0.00027955614415493,0.577893018722534,0.391453415155411,0,0.00560946386509016,0.000170329949469306
0xb65c42fe8e876cd7205f0f733ceb7f4ec4888d46dc7a3bbc17dc86ff52b6ca5b,0.132623176803106,0.000272359158333351,0.391203939914703,0.403471738100052,0,0.000625782227784501,0.000152169799548574
0xb7fd7e134c3480315704ef318b0a3e4cf976b9babbcba56b67a07f1c3f6605dd,0.131380712463674,0.000266984711997151,0.372154116630554,0.415077149868012,0,0.000625782227784501,0.000152776061440818
0xba9ab03d4cc59425a09d604bd33068795344fd9bb6b4028cc5d555afcca7e414,0.1926881494425,0.000366302566092942,0.73505163192749,0.419825494289398,0,0.000625782227784501,0.000152876324136741
0xbc6264da042da8ee23583a0ff7d86d54438c38231100a97fda4a818feb1b99f6,0.137113345858539,0.000422533243468896,0.388915538787842,0.429101407527924,0,0.00557431746135537,0.000152776061440818
0xbaaf3ea927b9a84d844e3f0ec07f7b1db39fd657a0686e16affc80bc1bf2ba23,0.203530804596619,0.000357561565107227,0.342212498188019,0.876404106616974,0,0.00262747966721381,0.000152169799548574
0xc5db94c035e6d8c80404e3d96614c9bd26195c098ce2959955b82e6983bef10b,0.136804912392807,0.000363535313610195,0.384881913661957,0.430318504571915,0,0.00720015747869682,0.000152776061440818
0xc63c2f6f7359934fccf7c06fc8e9b113c137e3ba95f47b0448a52c9e3df1abaf,0.114985570084731,0.000314084129746507,0.39518666267395,0.290257096290588,0,0.00560946386509016,0.000152776061440818
0xc5feca0481ecb297e3c7f71f8f2b82d22f034b6be497f01d0b366f078be30a08,0.182214054359973,0.00064049062135426,0.545009255409241,0.546892642974854,0,0,0.000152169799548574
0xb92d405407c3b3fd7697f79b223d63eb4f395db5cb652ad4d5bedb9afae6f0ff,0.129515766292697,0.000286116071516576,0.259112179279327,0.513592123985291,0,0.00557431746135537,0.000152776061440818
0xca8b1670547acdb5c420bbc949c1bf9ff1d77793c07413f3a08f396dc36c85d9,0.0947698011518582,0.000174289382655268,0.233907371759415,0.333832144737244,0,0.000625782227784501,0.000170329949469306
0xcb81fe10d4f31a5e1af46204e882a6f8378938c2ddaf91db8502b8690ff66b76,0.188632754128673,0.000317398320972406,0.320535719394684,0.807190001010895,0,0.00498368163730566,0.000170329949469306
0xcc929e075e8b9e122ca273ba7377145dfe8ae6f2d636e79fa11f6e908de0e558,0.156139146076909,0.000232827750707201,0.601706326007843,0.330845236778259,0,0.00557431746135537,0.000152169799548574
0xcca56748246e4455b0c6494cbc09df9aa6ff2e1975021609b257738a381121b0,0.120651272170457,0.000299663766412869,0.364404529333115,0.355086088180542,0,0.00557431746135537,0.000152169799548574
0xce0926fa8bb4c5c1576c1f1a03b7031b60e8d1cef331e447caa1cb3634017897,0.122404088027406,0.000429764032067793,0.430815696716309,0.298931211233139,0,0.00557431746135537,0.000152776061440818
0xcf8b9a5b288df464235da9c363e559871c060d173ded3917c92f2ac1addfcf35,0.200618438812841,0.000287156992156792,0.46538257598877,0.733900547027588,0,0.00560946386509016,0.000170329949469306
0xd39d94f3b5aabb46e3981fbb54d91ddfc7befdec51d74f2a6897f6e05ea4ae74,0.167548963629015,0.000357475674831969,0.643763542175293,0.360296308994293,0,0.000625782227784501,0.000152776061440818
0xd525933579d0abb7e92e48aa9425f4d2bacac058f69348064f93aa8843416cc7,0.171913879187525,0.000457915511298582,0.583959341049194,0.441671043634415,0,0.00723530388243161,0.000170329949469306
0xd070c4d58aceb0c728d36575cb875351a2da723cdf1acf7a754d1464a14cf869,0.185229392678591,0.000320900097820995,0.688596069812775,0.418296962976456,0,0.00560946386509016,0.000152776061440818
0xd670112c8c4118e5ab3b180d9db1b0849dcff44f2fef4d0619f3e3526934407c,0.13079844510383,0.000352899721060026,0.399929821491241,0.38363641500473,0,0.000625782227784501,0.000152169799548574
0xd198fe528efce4dc7f30df60c91e788e8eccf418fa6e51bd37911ad403c8bb7e,0.157207211934063,0.000506211862877976,0.55868262052536,0.379730135202408,0,0.00557431746135537,0.000152776061440818
0xd1ef266ea0ea21c085d007f9beb75fcc6c4e74886a864721bafbcc2086302af8,0.172177899829032,0.000310460703194491,0.661121964454651,0.367482960224152,0,0.00560946386509016,0.000152776061440818
0xe04233725ef3f5f738abe5ce08eb5672f7a1b2db84adc08b32ce02fa0b2b99d3,0.170827428240211,0.000408611640209784,0.589243710041046,0.431080758571625,0,0.00557431746135537,0.000159998860908672
0xde6712e3a6ed780da54b3665b6741b5ebd19cf4217761410cd9de7d8a18793f3,0.206384992607255,0.000606570960854011,0.780691027641296,0.452587693929672,0,0.00557431746135537,0.000152776061440818
0xe06541424b667481d341542940870cad4c44f0a6cca5897ca0b584fd1ac3781f,0.195902423269908,0.000227056357022445,0.195897489786148,0.978134751319885,0,0.0012401536029931,0.000152169799548574
0xda8b229d8153fd8f040e54ce76845032cc5bb90c7eef10554af5c15c382e9e6b,0.13412557062689,0.000304417623899949,0.497094571590424,0.303231954574585,0,0.00557431746135537,0.000152776061440818
0xd8737aef09b3adde731262e11ea3f7e0837150991a0ac05c62f94c63044d3ca8,0.160428986122028,0.000417591937148279,0.622115254402161,0.335805416107178,0,0.00557431746135537,0.000152776061440818
0xdb4b35bce8103e506f7c20e03ad357604312bbcd19d270f72a892b0bb8c39095,0.148390523952499,0.000385509742118317,0.438161104917526,0.44759339094162,0,0.00557431746135537,0.000152169799548574
0xe363677334453cabdc05cb1e31992dd50925d5b8f6723a9efcb574743f8d9a94,0.137989733288083,0.000350695093880467,0.455541402101517,0.364555060863495,0,0.010557999098661,0.000152776061440818
0xe4ddf161e15a71719aed95c619ba691c331de72bb14cca91275f91fc8af8c624,0.200742450523776,0.000505908450684533,0.746590197086334,0.456333994865418,0,0.000625782227784501,0.000152169799548574
0xe58fbe11e4494c7042ff3ada68ddb85ab935db3095dbcf09971fad5319fded27,0.154853550681745,0.000283089560846012,0.553018748760223,0.371683210134506,0,0.00560946386509016,0.000170329949469306
0xe5c8e3fced1662a7a39022a960f9c47f12c7ae7e69cf1a955683503f76401974,0.197451428534873,0.000277629396932667,0.735427141189575,0.444873005151749,0,0.00560946386509016,0.000170329949469306
0xe33ea222186616b05c5c15f6eaa4c94822e14b1887680078769c6bdf6b212a3b,0.146443059537469,0.00062975229811309,0.565715610980988,0.307860434055328,0,0.00557431746135537,0.00015989392704796
0xe7d9daaf184d638708f8bff989f706a44b9700d85edacaab1974d2d593a3b851,0.119861292948019,0.000265847273064554,0.352406978607178,0.362411051988602,0,0.00557431746135537,0.000152776061440818
0xe7e43dbdf2a4c83c907cd601eeca4bffe568c3e160bcb6d434924815fa42962f,0.140425381003841,0.000368900215018785,0.553728401660919,0.284268021583557,0,0.00557431746135537,0.000152776061440818
0xe9d89e81c02a46113d5754fb0cd088084ad78ff231702267b316adaeef59d8fe,0.128240906381525,0.000387914469533274,0.436051100492477,0.328795671463013,0,0.00557431746135537,0.00015989392704796
0xec5d84affa5234cf27e0de1f3f576e2e9df7112a0fdbeee0fee66bcc8c0a58d7,0.198240640730108,0.000233049402289874,0.75039929151535,0.434760361909866,0,0.00557431746135537,0.000152776061440818
0xecc228a8d5359e9e8da87a0231eff4965bf4f0acfb3cbedff8fd8f94abeeab79,0.158226295085006,0.000315282672399648,0.637615561485291,0.310593038797379,0,0.000625782227784501,0.000152169799548574
0xec3e54cec31626b707b33b9d34da75d6e92d4a91ca0080f859fb47b7d5fcc2c3,0.132888573812861,0.00029886260460563,0.511606395244598,0.281309634447098,0,0.00557431746135537,0.000152169799548574
0xf2eae8a178bd3f79a740bf6234d63066fc4c998466347440d06d12dfdec5b213,0.113403797087497,5.14752394262779E-05,0.384588956832886,0.295629024505615,0,0,0.000152776061440818
0xf379e111b88aa7462cbe407ce7b0a9e0f09840bdd6fdbe64227082c3b4e0b190,0.159145762433408,0.000524440860199025,0.603920936584473,0.346087098121643,0,0.00557431746135537,0.000152169799548574
0xf4c389e24388b701e700fd6d364089039558d235e626f55493964f2dbdd47aa6,0.140159692976422,0.000196081853544146,0.348112225532532,0.491935163736343,0,0.000625782227784501,0.000152169799548574
0xf690f2e07123abf6182be2c619a20836a43a2de20404158e9f4fbd8d366afc4f,0.163482718643975,0.000315029083038792,0.360040903091431,0.616407692432404,0,0.00557431746135537,0.000152169799548574
0xf693a577d7e0941e5c25d73e615e6e02b803891f1ef05944548c29d5a982b643,0.141591015151966,0.000279874296468959,0.282344132661819,0.56612354516983,0,0.000625782227784501,0.000152169799548574
0xf9bfd15bdbe6141476da432543b2bb75c9c68c03b81d7741208f6f75de0a3f34,0.146893812377996,0.000482179143213778,0.570567846298218,0.306007891893387,0,0.00557431746135537,0.00015989392704796
0xfbbd97359810651a81691dca829b32264e78210e02c4a07d5109a09093abe07e,0.144994289652583,0.000316698577549761,0.449466496706009,0.416047781705856,0,0.00557431746135537,0.000152776061440818
0xfd5da48767ccb509d7672bf6add3c85ddb8b9cda7f3596d10dc722937d5dbcd6,0.135945307566717,0.000346132477423004,0.441629648208618,0.369531840085983,0,0.00557431746135537,0.000152776061440818
0xfebc705d4b95a2c316bade01c46be718ccf8b3646e668faa090d0309bbb75890,0.0978469304776428,5.64382684460041E-05,0.304426550865173,0.282440304756165,0,0,0.000152776061440818
0xfe1aa274be4bb439d7596cc84b3ac7f62175c56ac13967411e605be59739e74f,0.202384934836718,0.000218050907590221,0.791156530380249,0.422197908163071,0,0.000625782227784501,0.000152776061440818
0xab395b468fcd9f1e718e44a5ec22c1e3a6e3771ab7c9291049d5964d8fe25220,0.232000867831661,0.000229978104291076,0.488892436027527,0.90213418006897,0,0.000625782227784501,0.000152169799548574
0x9f4d507cb7d8279fd110ef13e59dbfd74a0cebaf456de909826a5761e32574e6,0.112953326261935,3.51108697825538E-05,0.361084640026093,0.316463649272919,0,0,0.000152169799548574
0x0709e16737fab445a0849df2971566832abe6a9017010aa6b5a3377dd8bc8dff,0.138772728420165,0.00038523218898721,0.362710237503052,0.469054251909256,0,0,0.000152169799548574
0x1c27c4d625429acfc0f97e466eda725fd09ebdc77550e529ba4cbdbc33beb97b,0.705648925262998,0.955245677334087,1,1,0.143227889755519,0.310314876585795,0.0315605290234089
